created_on,privilege,granted_on,name,granted_to,grantee_name,grant_option,granted_by
2023-03-29 11:52:02.128 -0700,CREATE COMPUTE POOL,ACCOUNT,NR74328,ROLE,SYSADMIN,true,
2023-03-29 11:52:02.126 -0700,CREATE DATABASE,ACCOUNT,NR74328,ROLE,SYSADMIN,true,
2025-03-31 16:15:00.840 -0700,CREATE INTEGRATION,ACCOUNT,NR74328,ROLE,SYSADMIN,false,ACCOUNTADMIN
2023-03-29 11:52:02.126 -0700,CREATE WAREHOUSE,ACCOUNT,NR74328,ROLE,SYSADMIN,true,
2023-05-30 05:25:45.189 -0700,EXECUTE ALERT,ACCOUNT,NR74328,ROLE,SYSADMIN,false,ACCOUNTADMIN
2025-04-21 19:33:25.592 -0700,EXECUTE MANAGED ALERT,ACCOUNT,NR74328,ROLE,SYSADMIN,false,ACCOUNTADMIN
2023-04-28 10:25:58.468 -0700,EXECUTE MANAGED TASK,ACCOUNT,NR74328,ROLE,SYSADMIN,false,ACCOUNTADMIN
2023-04-28 10:36:31.736 -0700,EXECUTE TASK,ACCOUNT,NR74328,ROLE,SYSADMIN,false,ACCOUNTADMIN
2024-04-26 04:34:20.358 -0700,OWNERSHIP,ALERT,TEST_CLONE_DB.NETWORK_ADJUSTERS.ALERT_NETWORK_ADJUSTERS_DUPLICATE_RECORDS_CLAIM,ROLE,SYSADMIN,true,SYSADMIN
2024-04-26 04:34:20.696 -0700,OWNERSHIP,ALERT,TEST_CLONE_DB.NETWORK_ADJUSTERS.ALERT_NETWORK_ADJUSTERS_DUPLICATE_RECORDS_CLAIMANT,ROLE,SYSADMIN,true,SYSADMIN
2024-04-26 04:34:20.834 -0700,OWNERSHIP,ALERT,TEST_CLONE_DB.NETWORK_ADJUSTERS.ALERT_NETWORK_ADJUSTERS_DUPLICATE_RECORDS_DRAFT,ROLE,SYSADMIN,true,SYSADMIN
2024-04-26 04:34:20.922 -0700,OWNERSHIP,ALERT,TEST_CLONE_DB.NETWORK_ADJUSTERS.ALERT_NETWORK_ADJUSTERS_DUPLICATE_RECORDS_DRIVER,ROLE,SYSADMIN,true,SYSADMIN
2024-04-26 04:34:21.014 -0700,OWNERSHIP,ALERT,TEST_CLONE_DB.NETWORK_ADJUSTERS.ALERT_NETWORK_ADJUSTERS_DUPLICATE_RECORDS_LEGAL,ROLE,SYSADMIN,true,SYSADMIN
2024-04-26 04:34:21.125 -0700,OWNERSHIP,ALERT,TEST_CLONE_DB.NETWORK_ADJUSTERS.ALERT_NETWORK_ADJUSTERS_DUPLICATE_RECORDS_LOSADDR,ROLE,SYSADMIN,true,SYSADMIN
2024-04-26 04:34:21.246 -0700,OWNERSHIP,ALERT,TEST_CLONE_DB.NETWORK_ADJUSTERS.ALERT_NETWORK_ADJUSTERS_DUPLICATE_RECORDS_LOSRES,ROLE,SYSADMIN,true,SYSADMIN
2024-04-26 04:34:21.344 -0700,OWNERSHIP,ALERT,TEST_CLONE_DB.NETWORK_ADJUSTERS.ALERT_NETWORK_ADJUSTERS_FILE_NOT_LOADED_CLAIM,ROLE,SYSADMIN,true,SYSADMIN
2024-04-26 04:34:21.508 -0700,OWNERSHIP,ALERT,TEST_CLONE_DB.NETWORK_ADJUSTERS.ALERT_NETWORK_ADJUSTERS_FILE_NOT_LOADED_CLAIMANT,ROLE,SYSADMIN,true,SYSADMIN
2024-04-26 04:34:21.633 -0700,OWNERSHIP,ALERT,TEST_CLONE_DB.NETWORK_ADJUSTERS.ALERT_NETWORK_ADJUSTERS_FILE_NOT_LOADED_DRAFT,ROLE,SYSADMIN,true,SYSADMIN
2024-04-26 04:34:21.739 -0700,OWNERSHIP,ALERT,TEST_CLONE_DB.NETWORK_ADJUSTERS.ALERT_NETWORK_ADJUSTERS_FILE_NOT_LOADED_DRIVER,ROLE,SYSADMIN,true,SYSADMIN
2024-04-26 04:34:21.855 -0700,OWNERSHIP,ALERT,TEST_CLONE_DB.NETWORK_ADJUSTERS.ALERT_NETWORK_ADJUSTERS_FILE_NOT_LOADED_LEGAL,ROLE,SYSADMIN,true,SYSADMIN
2024-04-26 04:34:22.082 -0700,OWNERSHIP,ALERT,TEST_CLONE_DB.NETWORK_ADJUSTERS.ALERT_NETWORK_ADJUSTERS_FILE_NOT_LOADED_LOSADDR,ROLE,SYSADMIN,true,SYSADMIN
2024-04-26 04:34:22.184 -0700,OWNERSHIP,ALERT,TEST_CLONE_DB.NETWORK_ADJUSTERS.ALERT_NETWORK_ADJUSTERS_FILE_NOT_LOADED_LOSRES,ROLE,SYSADMIN,true,SYSADMIN
2023-04-17 06:22:49.124 -0700,OWNERSHIP,DATABASE,DEV_UPLAND_BRONZE_DB,ROLE,SYSADMIN,true,SYSADMIN
2023-04-17 06:27:09.040 -0700,USAGE,DATABASE,DEV_UPLAND_BRONZE_DB,ROLE,SYSADMIN,false,SYSADMIN
2024-06-17 10:31:47.261 -0700,OWNERSHIP,DATABASE,DEV_UPLAND_GOLD_DB,ROLE,SYSADMIN,true,SYSADMIN
2024-06-17 10:27:01.947 -0700,OWNERSHIP,DATABASE,DEV_UPLAND_SILVER_DB,ROLE,SYSADMIN,true,SYSADMIN
2023-04-24 13:00:52.173 -0700,OWNERSHIP,DATABASE,PROD_UPLAND_BRONZE_DB,ROLE,SYSADMIN,true,SYSADMIN
2023-07-13 07:35:26.889 -0700,OWNERSHIP,DATABASE,PROD_UPLAND_GOLD_DB,ROLE,SYSADMIN,true,SYSADMIN
2025-05-19 13:53:37.292 -0700,CREATE SCHEMA,DATABASE,PROD_UPLAND_SILVER_DB,ROLE,SYSADMIN,false,SYSADMIN
2023-05-31 07:29:58.266 -0700,OWNERSHIP,DATABASE,PROD_UPLAND_SILVER_DB,ROLE,SYSADMIN,true,SYSADMIN
2024-11-08 08:42:39.253 -0800,USAGE,DATABASE,PROD_UPLAND_SILVER_DB,ROLE,SYSADMIN,false,SYSADMIN
2024-06-17 10:25:35.627 -0700,OWNERSHIP,DATABASE,TEST_UPLAND_GOLD_DB,ROLE,SYSADMIN,true,SYSADMIN
2024-06-17 10:21:48.727 -0700,OWNERSHIP,DATABASE,TEST_UPLAND_SILVER_DB,ROLE,SYSADMIN,true,SYSADMIN
2023-05-10 06:53:26.095 -0700,OWNERSHIP,DATABASE,UPLAND_DATA_LAB,ROLE,SYSADMIN,true,SYSADMIN
2025-05-28 08:13:58.399 -0700,OWNERSHIP,DATABASE,UPLAND_DATA_SCIENCE,ROLE,SYSADMIN,true,SYSADMIN
2023-04-28 08:14:15.157 -0700,OWNERSHIP,DATABASE,UPLAND_MAINTENANCE,ROLE,SYSADMIN,true,SYSADMIN
2024-06-21 08:14:54.984 -0700,USAGE,DATABASE,UPLAND_MAINTENANCE,ROLE,SYSADMIN,false,SYSADMIN
2025-03-31 13:55:14.063 -0700,OWNERSHIP,DATABASE,UPLAND_UTIL,ROLE,SYSADMIN,true,SYSADMIN
2025-04-29 09:15:16.506 -0700,OWNERSHIP,DIRECTORY_TABLE,UPLAND_DATA_LAB.DOC_AI_TEST.DIRECTORY_TB_DOC_INPUT_STAGE_869258431320018,ROLE,SYSADMIN,true,SYSADMIN
2025-02-12 11:03:56.124 -0800,OWNERSHIP,DIRECTORY_TABLE,UPLAND_DATA_LAB.PUBLIC.DIRECTORY_TB_DOC_AI_STAGE_869258431237766,ROLE,SYSADMIN,true,SYSADMIN
2025-05-08 14:32:46.463 -0700,OWNERSHIP,FILE_FORMAT,DEV_UPLAND_BRONZE_DB.FIVESIGMA.FIVESIGMA_CSV,ROLE,SYSADMIN,true,SYSADMIN
2025-05-08 14:32:46.969 -0700,OWNERSHIP,FILE_FORMAT,DEV_UPLAND_BRONZE_DB.FIVESIGMA.FIVESIGMA_CSV_HEADER,ROLE,SYSADMIN,true,SYSADMIN
2023-05-02 12:38:58.835 -0700,OWNERSHIP,FILE_FORMAT,DEV_UPLAND_BRONZE_DB.NETWORK_ADJUSTERS_MONTH_END_REPORT.SPECIALTY_COMBINED_FF,ROLE,SYSADMIN,true,SYSADMIN
2025-05-27 10:27:15.706 -0700,OWNERSHIP,FILE_FORMAT,PROD_UPLAND_BRONZE_DB.FIVESIGMA.FIVESIGMA_CSV,ROLE,SYSADMIN,true,SYSADMIN
2025-05-27 10:27:16.363 -0700,OWNERSHIP,FILE_FORMAT,PROD_UPLAND_BRONZE_DB.FIVESIGMA.FIVESIGMA_CSV_HEADER,ROLE,SYSADMIN,true,SYSADMIN
2024-10-17 11:30:29.975 -0700,OWNERSHIP,FILE_FORMAT,PROD_UPLAND_BRONZE_DB.NETWORK_ADJUSTERS.NETADJ_CLAIM_NOTES_CSV,ROLE,SYSADMIN,true,SYSADMIN
2024-10-17 11:01:32.524 -0700,OWNERSHIP,FILE_FORMAT,PROD_UPLAND_BRONZE_DB.NETWORK_ADJUSTERS.NETADJ_CLAIM_NOTES_HEADER,ROLE,SYSADMIN,true,SYSADMIN
2024-10-09 10:02:08.259 -0700,OWNERSHIP,FILE_FORMAT,PROD_UPLAND_BRONZE_DB.NETWORK_ADJUSTERS.NETADJ_CSV,ROLE,SYSADMIN,true,SYSADMIN
2024-10-09 10:02:09.675 -0700,OWNERSHIP,FILE_FORMAT,PROD_UPLAND_BRONZE_DB.NETWORK_ADJUSTERS.NETADJ_HEADER,ROLE,SYSADMIN,true,SYSADMIN
2024-10-02 09:24:37.033 -0700,OWNERSHIP,FILE_FORMAT,PROD_UPLAND_BRONZE_DB.NETWORK_ADJUSTERS_CSV.NETADJ_CSV,ROLE,SYSADMIN,true,SYSADMIN
2024-10-02 09:24:41.735 -0700,OWNERSHIP,FILE_FORMAT,PROD_UPLAND_BRONZE_DB.NETWORK_ADJUSTERS_CSV.NETADJ_HEADER,ROLE,SYSADMIN,true,SYSADMIN
2024-04-26 04:34:32.066 -0700,OWNERSHIP,FILE_FORMAT,TEST_CLONE_DB.NETWORK_ADJUSTERS_MONTH_END_REPORT.SPECIALTY_COMBINED_FF,ROLE,SYSADMIN,true,SYSADMIN
2024-09-11 14:30:02.544 -0700,OWNERSHIP,FILE_FORMAT,UPLAND_MAINTENANCE.OMS.OMS_STAGING_CSV,ROLE,SYSADMIN,true,SYSADMIN
2024-09-11 14:30:19.918 -0700,OWNERSHIP,FILE_FORMAT,UPLAND_MAINTENANCE.OMS.OMS_STAGING_CSV_HEADER,ROLE,SYSADMIN,true,SYSADMIN
2024-06-21 09:42:08.918 -0700,OWNERSHIP,FUNCTION,"DEV_UPLAND_SILVER_DB.CALCULATION.""GET_INSURED_ADDRESS_MATCHES(INSURED_ADDRESS_INPUT VARCHAR, MATCH_INDEX_INPUT NUMBER):TABLE: (INSURED_PRIMARY_UID VARCHAR, INSURED_NAME VARCHAR, INSURED_ADDRESS_1 VARCHAR, INSURED_CITY VARCHAR, INSURED_STATE VARCHAR, INSURED_ZIP VARCHAR, TAX_ID VARCHAR, DOT_NUMBER VARCHAR, INSURED_PHONE VARCHAR, INSURED_ALTERNATE_NAME_TYPE VARCHAR, INSURED_ALTERNATE_NAME VARCHAR, MATCH_VALUE NUMBER)""",ROLE,SYSADMIN,true,SYSADMIN
2024-06-21 09:44:41.183 -0700,OWNERSHIP,FUNCTION,"DEV_UPLAND_SILVER_DB.CALCULATION.""GET_INSURED_ALTERNATE_NAME_MATCHES(INSURED_ALTERNATE_NAME_INPUT VARCHAR, MATCH_INDEX_INPUT NUMBER):TABLE: (INSURED_PRIMARY_UID VARCHAR, INSURED_NAME VARCHAR, INSURED_ADDRESS_1 VARCHAR, INSURED_CITY VARCHAR, INSURED_STATE VARCHAR, INSURED_ZIP VARCHAR, TAX_ID VARCHAR, DOT_NUMBER VARCHAR, INSURED_PHONE VARCHAR, INSURED_ALTERNATE_NAME_CODE VARCHAR, INSURED_ALTERNATE_NAME VARCHAR, MATCH_VALUE NUMBER)""",ROLE,SYSADMIN,true,SYSADMIN
2024-06-21 09:45:42.571 -0700,OWNERSHIP,FUNCTION,"DEV_UPLAND_SILVER_DB.CALCULATION.""GET_INSURED_NAME_MATCHES(INSURED_NAME_INPUT VARCHAR, MATCH_INDEX_INPUT NUMBER):TABLE: (INSURED_PRIMARY_UID VARCHAR, INSURED_NAME VARCHAR, INSURED_ADDRESS_1 VARCHAR, INSURED_CITY VARCHAR, INSURED_STATE VARCHAR, INSURED_ZIP VARCHAR, TAX_ID VARCHAR, DOT_NUMBER VARCHAR, INSURED_PHONE VARCHAR, INSURED_ALTERNATE_NAME_CODE VARCHAR, INSURED_ALTERNATE_NAME VARCHAR, MATCH_VALUE NUMBER)""",ROLE,SYSADMIN,true,SYSADMIN
2024-06-21 09:46:29.124 -0700,OWNERSHIP,FUNCTION,"DEV_UPLAND_SILVER_DB.CALCULATION.""GET_INSURED_PHONE_MATCHES(INSURED_PHONE_INPUT VARCHAR, MATCH_INDEX_INPUT NUMBER):TABLE: (INSURED_PRIMARY_UID VARCHAR, INSURED_NAME VARCHAR, INSURED_ADDRESS_1 VARCHAR, INSURED_CITY VARCHAR, INSURED_STATE VARCHAR, INSURED_ZIP VARCHAR, TAX_ID VARCHAR, DOT_NUMBER VARCHAR, INSURED_PHONE VARCHAR, INSURED_ALTERNATE_NAME_CODE VARCHAR, INSURED_ALTERNATE_NAME VARCHAR, MATCH_VALUE NUMBER)""",ROLE,SYSADMIN,true,SYSADMIN
2024-06-17 10:27:04.489 -0700,OWNERSHIP,FUNCTION,"DEV_UPLAND_SILVER_DB.CALCULATION.""GET_INSURED_SUBMISSION_QUOTE_POLICY_CLAIM_SUMMARY(INSURED_PRIMARY_UID_INPUT VARCHAR):TABLE: (INSURED_PRIMARY_UID VARCHAR, INSURED_PRIMARY_NAME VARCHAR, SUBMISSION_NUMBER VARCHAR, SUBMISSION_ADDED_DATE VARCHAR, SUBMISSION_PROPOSED_EFFECTIVE_DATE VARCHAR, SUBMISSION_PROPOSED_EXPIRATION_DATE VARCHAR, SUBMISSION_INTERNAL_STATUS VARCHAR, SUBMISSION_STATUS_CODE VARCHAR, SUBMISSION_PROGRAM_CODE VARCHAR, SUBMISSION_SOURCE VARCHAR, BROKER_CONTACT_NAME VARCHAR, QUOTE_STATUS VARCHAR, QUOTE_PREMIUM NUMBER, TOTAL_PREMIUM_AND_FEES NUMBER, POLICY_NUMBER VARCHAR, POLICY_LINE_OF_BUSINESS VARCHAR, POLICY_PROGRAM_CODE VARCHAR, POLICY_EFFECTIVE_DATE VARCHAR, POLICY_EXPIRATION_DATE VARCHAR, POLICY_STATUS_CODE VARCHAR, UNDERWRITER_NAME VARCHAR, CLAIM_NUMBER VARCHAR, CLAIM_RECEIVED_DATE VARCHAR, CLAIM_CLOSE_DATE VARCHAR)""",ROLE,SYSADMIN,true,SYSADMIN
2024-06-21 09:46:59.172 -0700,OWNERSHIP,FUNCTION,"DEV_UPLAND_SILVER_DB.CALCULATION.""GET_INSURED_TAX_ID_MATCHES(INSURED_TAX_ID_INPUT VARCHAR, MATCH_INDEX_INPUT NUMBER):TABLE: (INSURED_PRIMARY_UID VARCHAR, INSURED_NAME VARCHAR, INSURED_ADDRESS_1 VARCHAR, INSURED_CITY VARCHAR, INSURED_STATE VARCHAR, INSURED_ZIP VARCHAR, TAX_ID VARCHAR, DOT_NUMBER VARCHAR, INSURED_PHONE VARCHAR, INSURED_ALTERNATE_NAME_CODE VARCHAR, INSURED_ALTERNATE_NAME VARCHAR, MATCH_VALUE NUMBER)""",ROLE,SYSADMIN,true,SYSADMIN
2025-06-09 11:57:39.296 -0700,OWNERSHIP,FUNCTION,"DEV_UPLAND_SILVER_DB.CALCULATION.""GET_POLICY_MATCHES(search_term_input VARCHAR):TABLE: (SEARCH_TERM VARCHAR, POLICY_STATUS VARCHAR, POLICY_NUMBER VARCHAR, POLICY_UID VARCHAR, POLICY_EFFECTIVE_DATE VARCHAR, POLICY_EXPIRATION_DATE VARCHAR, LOB VARCHAR, POLICY_US_STATE VARCHAR, INSURED_PRIMARY_UID VARCHAR, INSURED_PRIMARY_NAME VARCHAR, INSURED_PRIMARY_EMAIL_ADDRESS VARCHAR, INSURED_PRIMARY_ADDRESS_1 VARCHAR, INSURED_PRIMARY_ADDRESS_2 VARCHAR, INSURED_PRIMARY_ZIP VARCHAR, INSURED_PRIMARY_CITY VARCHAR, INSURED_PRIMARY_STATE VARCHAR, INSURED_PRIMARY_BUSINESS_PHONE VARCHAR, INSURED_PRIMARY_BUSINESS_TYPE VARCHAR, LIMIT_PER_PERSON NUMBER, LIMIT_PER_INCIDENT NUMBER, BROKER_NAME VARCHAR, BROKER_EMAIL_ADDRESS VARCHAR, BROKER_PHONE VARCHAR, DEDUCTIBLE_BASIS VARCHAR, DEDUCTIBLE_TYPE VARCHAR, DEDUCTIBLE_AMOUNT NUMBER, ATTACHMENT_POINT NUMBER, SUB_ORGANIZATION_EXTERNAL_ID VARCHAR, IS_REINSURANCE VARCHAR, REINSURANCE_TYPE VARCHAR)""",ROLE,SYSADMIN,true,SYSADMIN
2023-12-15 10:36:16.187 -0800,OWNERSHIP,FUNCTION,"PROD_UPLAND_SILVER_DB.CALCULATION.""GET_INSURED_ADDRESS_MATCHES(INSURED_ADDRESS_INPUT VARCHAR, MATCH_INDEX_INPUT NUMBER):TABLE: (INSURED_PRIMARY_UID VARCHAR, INSURED_NAME VARCHAR, INSURED_ADDRESS_1 VARCHAR, INSURED_CITY VARCHAR, INSURED_STATE VARCHAR, INSURED_ZIP VARCHAR, TAX_ID VARCHAR, DOT_NUMBER VARCHAR, INSURED_PHONE VARCHAR, INSURED_ALTERNATE_NAME_CODE VARCHAR, INSURED_ALTERNATE_NAME VARCHAR, MATCH_VALUE NUMBER)""",ROLE,SYSADMIN,true,SYSADMIN
2023-12-15 10:36:34.879 -0800,OWNERSHIP,FUNCTION,"PROD_UPLAND_SILVER_DB.CALCULATION.""GET_INSURED_ALTERNATE_NAME_MATCHES(INSURED_ALTERNATE_NAME_INPUT VARCHAR, MATCH_INDEX_INPUT NUMBER):TABLE: (INSURED_PRIMARY_UID VARCHAR, INSURED_NAME VARCHAR, INSURED_ADDRESS_1 VARCHAR, INSURED_CITY VARCHAR, INSURED_STATE VARCHAR, INSURED_ZIP VARCHAR, TAX_ID VARCHAR, DOT_NUMBER VARCHAR, INSURED_PHONE VARCHAR, INSURED_ALTERNATE_NAME_CODE VARCHAR, INSURED_ALTERNATE_NAME VARCHAR, MATCH_VALUE NUMBER)""",ROLE,SYSADMIN,true,SYSADMIN
2024-05-17 10:44:15.135 -0700,OWNERSHIP,FUNCTION,"PROD_UPLAND_SILVER_DB.CALCULATION.""GET_INSURED_NAME_MATCHES(INSURED_NAME_INPUT VARCHAR, MATCH_INDEX_INPUT NUMBER):TABLE: (INSURED_PRIMARY_UID VARCHAR, INSURED_NAME VARCHAR, INSURED_ADDRESS_1 VARCHAR, INSURED_CITY VARCHAR, INSURED_STATE VARCHAR, INSURED_ZIP VARCHAR, TAX_ID VARCHAR, DOT_NUMBER VARCHAR, INSURED_PHONE VARCHAR, INSURED_ALTERNATE_NAME_CODE VARCHAR, INSURED_ALTERNATE_NAME VARCHAR, MATCH_VALUE NUMBER)""",ROLE,SYSADMIN,true,SYSADMIN
2023-12-15 10:36:52.756 -0800,OWNERSHIP,FUNCTION,"PROD_UPLAND_SILVER_DB.CALCULATION.""GET_INSURED_PHONE_MATCHES(INSURED_PHONE_INPUT VARCHAR, MATCH_INDEX_INPUT NUMBER):TABLE: (INSURED_PRIMARY_UID VARCHAR, INSURED_NAME VARCHAR, INSURED_ADDRESS_1 VARCHAR, INSURED_CITY VARCHAR, INSURED_STATE VARCHAR, INSURED_ZIP VARCHAR, TAX_ID VARCHAR, DOT_NUMBER VARCHAR, INSURED_PHONE VARCHAR, INSURED_ALTERNATE_NAME_CODE VARCHAR, INSURED_ALTERNATE_NAME VARCHAR, MATCH_VALUE NUMBER)""",ROLE,SYSADMIN,true,SYSADMIN
2023-12-15 10:37:09.268 -0800,OWNERSHIP,FUNCTION,"PROD_UPLAND_SILVER_DB.CALCULATION.""GET_INSURED_SUBMISSION_QUOTE_POLICY_CLAIM_SUMMARY(INSURED_PRIMARY_UID_INPUT VARCHAR):TABLE: (INSURED_PRIMARY_UID VARCHAR, INSURED_PRIMARY_NAME VARCHAR, SUBMISSION_NUMBER VARCHAR, SUBMISSION_ADDED_DATE VARCHAR, SUBMISSION_PROPOSED_EFFECTIVE_DATE VARCHAR, SUBMISSION_PROPOSED_EXPIRATION_DATE VARCHAR, SUBMISSION_INTERNAL_STATUS VARCHAR, SUBMISSION_STATUS_CODE VARCHAR, SUBMISSION_PROGRAM_CODE VARCHAR, SUBMISSION_SOURCE VARCHAR, BROKER_CONTACT_NAME VARCHAR, QUOTE_STATUS VARCHAR, QUOTE_PREMIUM NUMBER, TOTAL_PREMIUM_AND_FEES NUMBER, POLICY_NUMBER VARCHAR, POLICY_LINE_OF_BUSINESS VARCHAR, POLICY_PROGRAM_CODE VARCHAR, POLICY_EFFECTIVE_DATE VARCHAR, POLICY_EXPIRATION_DATE VARCHAR, POLICY_STATUS_CODE VARCHAR, UNDERWRITER_NAME VARCHAR, CLAIM_NUMBER VARCHAR, CLAIM_RECEIVED_DATE VARCHAR, CLAIM_CLOSE_DATE VARCHAR)""",ROLE,SYSADMIN,true,SYSADMIN
2023-12-15 10:37:23.366 -0800,OWNERSHIP,FUNCTION,"PROD_UPLAND_SILVER_DB.CALCULATION.""GET_INSURED_TAX_ID_MATCHES(INSURED_TAX_ID_INPUT VARCHAR, MATCH_INDEX_INPUT NUMBER):TABLE: (INSURED_PRIMARY_UID VARCHAR, INSURED_NAME VARCHAR, INSURED_ADDRESS_1 VARCHAR, INSURED_CITY VARCHAR, INSURED_STATE VARCHAR, INSURED_ZIP VARCHAR, TAX_ID VARCHAR, DOT_NUMBER VARCHAR, INSURED_PHONE VARCHAR, INSURED_ALTERNATE_NAME_CODE VARCHAR, INSURED_ALTERNATE_NAME VARCHAR, MATCH_VALUE NUMBER)""",ROLE,SYSADMIN,true,SYSADMIN
2024-06-17 10:21:51.020 -0700,OWNERSHIP,FUNCTION,"TEST_UPLAND_SILVER_DB.CALCULATION.""GET_INSURED_ADDRESS_MATCHES(INSURED_ADDRESS_INPUT VARCHAR, MATCH_INDEX_INPUT NUMBER):TABLE: (INSURED_PRIMARY_UID VARCHAR, INSURED_NAME VARCHAR, INSURED_ADDRESS_1 VARCHAR, INSURED_CITY VARCHAR, INSURED_STATE VARCHAR, INSURED_ZIP VARCHAR, TAX_ID VARCHAR, DOT_NUMBER VARCHAR, INSURED_PHONE VARCHAR, INSURED_ALTERNATE_NAME_CODE VARCHAR, INSURED_ALTERNATE_NAME VARCHAR, MATCH_VALUE NUMBER)""",ROLE,SYSADMIN,true,SYSADMIN
2024-06-17 10:21:51.075 -0700,OWNERSHIP,FUNCTION,"TEST_UPLAND_SILVER_DB.CALCULATION.""GET_INSURED_ALTERNATE_NAME_MATCHES(INSURED_ALTERNATE_NAME_INPUT VARCHAR, MATCH_INDEX_INPUT NUMBER):TABLE: (INSURED_PRIMARY_UID VARCHAR, INSURED_NAME VARCHAR, INSURED_ADDRESS_1 VARCHAR, INSURED_CITY VARCHAR, INSURED_STATE VARCHAR, INSURED_ZIP VARCHAR, TAX_ID VARCHAR, DOT_NUMBER VARCHAR, INSURED_PHONE VARCHAR, INSURED_ALTERNATE_NAME_CODE VARCHAR, INSURED_ALTERNATE_NAME VARCHAR, MATCH_VALUE NUMBER)""",ROLE,SYSADMIN,true,SYSADMIN
2024-06-17 10:21:51.133 -0700,OWNERSHIP,FUNCTION,"TEST_UPLAND_SILVER_DB.CALCULATION.""GET_INSURED_NAME_MATCHES(INSURED_NAME_INPUT VARCHAR, MATCH_INDEX_INPUT NUMBER):TABLE: (INSURED_PRIMARY_UID VARCHAR, INSURED_NAME VARCHAR, INSURED_ADDRESS_1 VARCHAR, INSURED_CITY VARCHAR, INSURED_STATE VARCHAR, INSURED_ZIP VARCHAR, TAX_ID VARCHAR, DOT_NUMBER VARCHAR, INSURED_PHONE VARCHAR, INSURED_ALTERNATE_NAME_CODE VARCHAR, INSURED_ALTERNATE_NAME VARCHAR, MATCH_VALUE NUMBER)""",ROLE,SYSADMIN,true,SYSADMIN
2024-06-17 10:21:51.247 -0700,OWNERSHIP,FUNCTION,"TEST_UPLAND_SILVER_DB.CALCULATION.""GET_INSURED_PHONE_MATCHES(INSURED_PHONE_INPUT VARCHAR, MATCH_INDEX_INPUT NUMBER):TABLE: (INSURED_PRIMARY_UID VARCHAR, INSURED_NAME VARCHAR, INSURED_ADDRESS_1 VARCHAR, INSURED_CITY VARCHAR, INSURED_STATE VARCHAR, INSURED_ZIP VARCHAR, TAX_ID VARCHAR, DOT_NUMBER VARCHAR, INSURED_PHONE VARCHAR, INSURED_ALTERNATE_NAME_CODE VARCHAR, INSURED_ALTERNATE_NAME VARCHAR, MATCH_VALUE NUMBER)""",ROLE,SYSADMIN,true,SYSADMIN
2024-06-17 10:21:51.289 -0700,OWNERSHIP,FUNCTION,"TEST_UPLAND_SILVER_DB.CALCULATION.""GET_INSURED_SUBMISSION_QUOTE_POLICY_CLAIM_SUMMARY(INSURED_PRIMARY_UID_INPUT VARCHAR):TABLE: (INSURED_PRIMARY_UID VARCHAR, INSURED_PRIMARY_NAME VARCHAR, SUBMISSION_NUMBER VARCHAR, SUBMISSION_ADDED_DATE VARCHAR, SUBMISSION_PROPOSED_EFFECTIVE_DATE VARCHAR, SUBMISSION_PROPOSED_EXPIRATION_DATE VARCHAR, SUBMISSION_INTERNAL_STATUS VARCHAR, SUBMISSION_STATUS_CODE VARCHAR, SUBMISSION_PROGRAM_CODE VARCHAR, SUBMISSION_SOURCE VARCHAR, BROKER_CONTACT_NAME VARCHAR, QUOTE_STATUS VARCHAR, QUOTE_PREMIUM NUMBER, TOTAL_PREMIUM_AND_FEES NUMBER, POLICY_NUMBER VARCHAR, POLICY_LINE_OF_BUSINESS VARCHAR, POLICY_PROGRAM_CODE VARCHAR, POLICY_EFFECTIVE_DATE VARCHAR, POLICY_EXPIRATION_DATE VARCHAR, POLICY_STATUS_CODE VARCHAR, UNDERWRITER_NAME VARCHAR, CLAIM_NUMBER VARCHAR, CLAIM_RECEIVED_DATE VARCHAR, CLAIM_CLOSE_DATE VARCHAR)""",ROLE,SYSADMIN,true,SYSADMIN
2024-06-17 10:21:51.332 -0700,OWNERSHIP,FUNCTION,"TEST_UPLAND_SILVER_DB.CALCULATION.""GET_INSURED_TAX_ID_MATCHES(INSURED_TAX_ID_INPUT VARCHAR, MATCH_INDEX_INPUT NUMBER):TABLE: (INSURED_PRIMARY_UID VARCHAR, INSURED_NAME VARCHAR, INSURED_ADDRESS_1 VARCHAR, INSURED_CITY VARCHAR, INSURED_STATE VARCHAR, INSURED_ZIP VARCHAR, TAX_ID VARCHAR, DOT_NUMBER VARCHAR, INSURED_PHONE VARCHAR, INSURED_ALTERNATE_NAME_CODE VARCHAR, INSURED_ALTERNATE_NAME VARCHAR, MATCH_VALUE NUMBER)""",ROLE,SYSADMIN,true,SYSADMIN
2025-06-09 11:57:44.654 -0700,OWNERSHIP,FUNCTION,"TEST_UPLAND_SILVER_DB.CALCULATION.""GET_POLICY_MATCHES(search_term_input VARCHAR):TABLE: (SEARCH_TERM VARCHAR, POLICY_STATUS VARCHAR, POLICY_NUMBER VARCHAR, POLICY_UID VARCHAR, POLICY_EFFECTIVE_DATE VARCHAR, POLICY_EXPIRATION_DATE VARCHAR, LOB VARCHAR, POLICY_US_STATE VARCHAR, INSURED_PRIMARY_UID VARCHAR, INSURED_PRIMARY_NAME VARCHAR, INSURED_PRIMARY_EMAIL_ADDRESS VARCHAR, INSURED_PRIMARY_ADDRESS_1 VARCHAR, INSURED_PRIMARY_ADDRESS_2 VARCHAR, INSURED_PRIMARY_ZIP VARCHAR, INSURED_PRIMARY_CITY VARCHAR, INSURED_PRIMARY_STATE VARCHAR, INSURED_PRIMARY_BUSINESS_PHONE VARCHAR, INSURED_PRIMARY_BUSINESS_TYPE VARCHAR, LIMIT_PER_PERSON NUMBER, LIMIT_PER_INCIDENT NUMBER, BROKER_NAME VARCHAR, BROKER_EMAIL_ADDRESS VARCHAR, BROKER_PHONE VARCHAR, DEDUCTIBLE_BASIS VARCHAR, DEDUCTIBLE_TYPE VARCHAR, DEDUCTIBLE_AMOUNT NUMBER, ATTACHMENT_POINT NUMBER, SUB_ORGANIZATION_EXTERNAL_ID VARCHAR, IS_REINSURANCE VARCHAR, REINSURANCE_TYPE VARCHAR)""",ROLE,SYSADMIN,true,SYSADMIN
2024-06-14 10:54:53.170 -0700,OWNERSHIP,INSTANCE,UPLAND_DATA_LAB.XTL_PREMIUM_FORECAST.XTL_PREMIUM_FORECAST_MODEL,ROLE,SYSADMIN,true,SYSADMIN
2025-05-14 13:21:13.259 -0700,OWNERSHIP,INTEGRATION,AZST_FIVESIGMA_DEV_INT,ROLE,SYSADMIN,true,SYSADMIN
2025-05-27 09:40:11.244 -0700,OWNERSHIP,INTEGRATION,AZST_FIVESIGMA_PROD_INT,ROLE,SYSADMIN,true,SYSADMIN
2024-10-02 08:54:04.034 -0700,USAGE,INTEGRATION,AZURE_STORAGE_NETADJ,ROLE,SYSADMIN,false,ACCOUNTADMIN
2024-09-11 14:28:14.938 -0700,USAGE,INTEGRATION,AZURE_STORAGE_OMS,ROLE,SYSADMIN,false,ACCOUNTADMIN
2024-05-29 10:25:29.497 -0700,USAGE,INTEGRATION,DATA_ENGINEERING_ALERT_INTEGRATION,ROLE,SYSADMIN,false,ACCOUNTADMIN
2025-03-31 16:24:25.062 -0700,OWNERSHIP,INTEGRATION,EXTERNAL_ENTRA_OAUTH_INTEGRATION,ROLE,SYSADMIN,true,SYSADMIN
2025-02-27 09:29:41.910 -0800,USAGE,INTEGRATION,LORO_TEST_EAI,ROLE,SYSADMIN,false,ACCOUNTADMIN
2024-06-11 11:03:03.722 -0700,OWNERSHIP,NETWORK_RULE,DEV_UPLAND_BRONZE_DB.MICROSOFT_GRAPH_API.API_NETWORK_RULE,ROLE,SYSADMIN,true,SYSADMIN
2025-03-31 16:12:09.578 -0700,OWNERSHIP,NETWORK_RULE,UPLAND_MAINTENANCE.SECURITY.AZURE_AUTO_ALLOWLIST,ROLE,SYSADMIN,true,SYSADMIN
2025-02-27 09:12:02.560 -0800,OWNERSHIP,NETWORK_RULE,UPLAND_MAINTENANCE.SECURITY.LORO_EGRESS_RULE,ROLE,SYSADMIN,true,SYSADMIN
2025-03-14 13:44:54.883 -0700,OWNERSHIP,NETWORK_RULE,UPLAND_MAINTENANCE.SECURITY.SIGMA_COMPUTING,ROLE,SYSADMIN,true,SYSADMIN
2024-07-09 09:31:42.177 -0700,OWNERSHIP,NOTEBOOK,"UPLAND_DATA_LAB.ASTEWARDSON.""Claim Loss Triangles""",ROLE,SYSADMIN,true,SYSADMIN
2025-06-11 21:33:10.614 -0700,OWNERSHIP,PROCEDURE,"DEV_UPLAND_BRONZE_DB.FIVESIGMA.""FIVESIGMA_CSV_IMPORT_DEV():NUMBER(38,0)""",ROLE,SYSADMIN,true,SYSADMIN
2025-01-03 12:44:47.840 -0800,OWNERSHIP,PROCEDURE,"DEV_UPLAND_BRONZE_DB.MICROSOFT_GRAPH_API.""UPSERT_OUTLOOK_SUBMISSION_UAT_INBOX():VARCHAR(16777216)""",ROLE,SYSADMIN,true,SYSADMIN
2025-06-13 08:50:11.741 -0700,OWNERSHIP,PROCEDURE,"DEV_UPLAND_SILVER_DB.CALCULATION.""GET_NEW_CLAIMS_ON_INSURED_PROC(DATE_INPUT DATE):TABLE: (INSURED_UID VARCHAR, CLAIM_ENTRY_DATE DATE)""",ROLE,SYSADMIN,true,SYSADMIN
2025-06-13 08:45:14.989 -0700,OWNERSHIP,PROCEDURE,"DEV_UPLAND_SILVER_DB.CALCULATION.""GET_NEW_CLAIMS_ON_INSURED_PROC(DATE_INPUT VARCHAR):TABLE: (INSURED_UID VARCHAR, CLAIM_ENTRY_DATE VARCHAR)""",ROLE,SYSADMIN,true,SYSADMIN
2025-06-09 15:37:18.685 -0700,OWNERSHIP,PROCEDURE,"DEV_UPLAND_SILVER_DB.CALCULATION.""GET_POLICY_MATCHES_PROC(SEARCH_TERM_INPUT VARCHAR):TABLE: (SEARCH_TERM VARCHAR, POLICY_STATUS VARCHAR, POLICY_NUMBER VARCHAR, POLICY_UID VARCHAR, POLICY_EFFECTIVE_DATE VARCHAR, POLICY_EXPIRATION_DATE VARCHAR, LOB VARCHAR, POLICY_US_STATE VARCHAR, INSURED_PRIMARY_UID VARCHAR, INSURED_PRIMARY_NAME VARCHAR, INSURED_PRIMARY_EMAIL_ADDRESS VARCHAR, INSURED_PRIMARY_ADDRESS_1 VARCHAR, INSURED_PRIMARY_ADDRESS_2 VARCHAR, INSURED_PRIMARY_ZIP VARCHAR, INSURED_PRIMARY_CITY VARCHAR, INSURED_PRIMARY_STATE VARCHAR, INSURED_PRIMARY_BUSINESS_PHONE VARCHAR, INSURED_PRIMARY_BUSINESS_TYPE VARCHAR, LIMIT_PER_PERSON NUMBER, LIMIT_PER_INCIDENT NUMBER, BROKER_NAME VARCHAR, BROKER_EMAIL_ADDRESS VARCHAR, BROKER_PHONE VARCHAR, DEDUCTIBLE_BASIS VARCHAR, DEDUCTIBLE_TYPE VARCHAR, DEDUCTIBLE_AMOUNT NUMBER, ATTACHMENT_POINT NUMBER, SUB_ORGANIZATION_EXTERNAL_ID VARCHAR, IS_REINSURANCE VARCHAR, REINSURANCE_TYPE VARCHAR)""",ROLE,SYSADMIN,true,SYSADMIN
2025-06-10 11:10:55.705 -0700,OWNERSHIP,PROCEDURE,"PROD_UPLAND_BRONZE_DB.FIVESIGMA.""FIVESIGMA_CSV_IMPORT_PROD():NUMBER(38,0)""",ROLE,SYSADMIN,true,SYSADMIN
2024-10-17 11:30:43.829 -0700,OWNERSHIP,PROCEDURE,"PROD_UPLAND_BRONZE_DB.NETWORK_ADJUSTERS.""SP_EXECUTE_NETADJ_CLAIM_NOTES_FILE_IMPORT(NAME VARCHAR, FILENAME VARCHAR):VARCHAR(16777216)""",ROLE,SYSADMIN,true,SYSADMIN
2024-10-17 11:30:52.520 -0700,USAGE,PROCEDURE,"PROD_UPLAND_BRONZE_DB.NETWORK_ADJUSTERS.""SP_EXECUTE_NETADJ_CLAIM_NOTES_FILE_IMPORT(NAME VARCHAR, FILENAME VARCHAR):VARCHAR(16777216)""",ROLE,SYSADMIN,false,SYSADMIN
2024-10-17 11:04:37.939 -0700,OWNERSHIP,PROCEDURE,"PROD_UPLAND_BRONZE_DB.NETWORK_ADJUSTERS.""SP_EXECUTE_NETADJ_FILE_IMPORT(NAME VARCHAR, FILENAME VARCHAR):VARCHAR(16777216)""",ROLE,SYSADMIN,true,SYSADMIN
2024-10-17 11:04:59.243 -0700,USAGE,PROCEDURE,"PROD_UPLAND_BRONZE_DB.NETWORK_ADJUSTERS.""SP_EXECUTE_NETADJ_FILE_IMPORT(NAME VARCHAR, FILENAME VARCHAR):VARCHAR(16777216)""",ROLE,SYSADMIN,false,SYSADMIN
2024-09-14 19:26:19.759 -0700,USAGE,PROCEDURE,"PROD_UPLAND_GOLD_DB.CLAIM_MART.""SP_LOSS_RUN_MAT_UPDATE():VARCHAR(256)""",ROLE,SYSADMIN,false,ACCOUNTADMIN
2025-06-09 15:34:53.909 -0700,OWNERSHIP,PROCEDURE,"TEST_UPLAND_SILVER_DB.CALCULATION.""GET_POLICY_MATCHES_PROC(SEARCH_TERM_INPUT VARCHAR):TABLE: (SEARCH_TERM VARCHAR, POLICY_STATUS VARCHAR, POLICY_NUMBER VARCHAR, POLICY_UID VARCHAR, POLICY_EFFECTIVE_DATE VARCHAR, POLICY_EXPIRATION_DATE VARCHAR, LOB VARCHAR, POLICY_US_STATE VARCHAR, INSURED_PRIMARY_UID VARCHAR, INSURED_PRIMARY_NAME VARCHAR, INSURED_PRIMARY_EMAIL_ADDRESS VARCHAR, INSURED_PRIMARY_ADDRESS_1 VARCHAR, INSURED_PRIMARY_ADDRESS_2 VARCHAR, INSURED_PRIMARY_ZIP VARCHAR, INSURED_PRIMARY_CITY VARCHAR, INSURED_PRIMARY_STATE VARCHAR, INSURED_PRIMARY_BUSINESS_PHONE VARCHAR, INSURED_PRIMARY_BUSINESS_TYPE VARCHAR, LIMIT_PER_PERSON NUMBER, LIMIT_PER_INCIDENT NUMBER, BROKER_NAME VARCHAR, BROKER_EMAIL_ADDRESS VARCHAR, BROKER_PHONE VARCHAR, DEDUCTIBLE_BASIS VARCHAR, DEDUCTIBLE_TYPE VARCHAR, DEDUCTIBLE_AMOUNT NUMBER, ATTACHMENT_POINT NUMBER, SUB_ORGANIZATION_EXTERNAL_ID VARCHAR, IS_REINSURANCE VARCHAR, REINSURANCE_TYPE VARCHAR)""",ROLE,SYSADMIN,true,SYSADMIN
2024-09-12 12:23:46.998 -0700,USAGE,PROCEDURE,"UPLAND_MAINTENANCE.OMS.""SP_GET_SF_TABLES():VARCHAR(100)""",ROLE,SYSADMIN,false,ACCOUNTADMIN
2024-09-18 09:07:21.659 -0700,USAGE,PROCEDURE,"UPLAND_MAINTENANCE.OMS.""SP_GET_SF_TABLE_ROW_COUNTS():VARCHAR(100)""",ROLE,SYSADMIN,false,ACCOUNTADMIN
2023-12-18 08:04:30.846 -0800,OWNERSHIP,PROCEDURE,"UPLAND_MAINTENANCE.PUBLIC.""CLASSIFY_DATABASE(DATABASE_NAME VARCHAR, RESULT_TABLE VARCHAR):OBJECT""",ROLE,SYSADMIN,true,SYSADMIN
2024-04-11 05:40:25.202 -0700,OWNERSHIP,PROCEDURE,"UPLAND_MAINTENANCE.PUBLIC.""CLASSIFY_SCHEMA(SCHEMA_NAME VARCHAR, RESULT_TABLE VARCHAR):OBJECT""",ROLE,SYSADMIN,true,SYSADMIN
2023-05-02 07:00:55.799 -0700,OWNERSHIP,PROCEDURE,"UPLAND_MAINTENANCE.PUBLIC.""CLONE_PROD_BRONZE_DB_SP():VARCHAR(16777216)""",ROLE,SYSADMIN,true,SYSADMIN
2023-09-01 12:29:21.140 -0700,OWNERSHIP,PROCEDURE,"UPLAND_MAINTENANCE.PUBLIC.""CLONE_PROD_GOLD_DB_SP():VARCHAR(16777216)""",ROLE,SYSADMIN,true,SYSADMIN
2023-09-01 12:28:53.601 -0700,OWNERSHIP,PROCEDURE,"UPLAND_MAINTENANCE.PUBLIC.""CLONE_PROD_SILVER_DB_SP():VARCHAR(16777216)""",ROLE,SYSADMIN,true,SYSADMIN
2025-02-27 13:53:08.589 -0800,OWNERSHIP,PROCEDURE,"UPLAND_MAINTENANCE.SECURITY.""LORO_GET_INVOICES():VARCHAR""",ROLE,SYSADMIN,true,SYSADMIN
2025-02-27 13:59:37.468 -0800,OWNERSHIP,PROCEDURE,"UPLAND_MAINTENANCE.SECURITY.""LORO_GET_POLICYHOLDERS():VARCHAR""",ROLE,SYSADMIN,true,SYSADMIN
2025-05-21 19:40:56.094 -0700,OWNERSHIP,PROCEDURE,"UPLAND_MAINTENANCE.SECURITY.""SP_GRANT_READWRITE_PERMS(RW_DB VARCHAR, RW_SCHEMA VARCHAR, RW_ROLE VARCHAR, ALL_SCHEMAS BOOLEAN):VARCHAR""",ROLE,SYSADMIN,true,SYSADMIN
2025-05-21 19:47:49.176 -0700,USAGE,PROCEDURE,"UPLAND_MAINTENANCE.SECURITY.""SP_GRANT_READWRITE_PERMS(RW_DB VARCHAR, RW_SCHEMA VARCHAR, RW_ROLE VARCHAR, ALL_SCHEMAS BOOLEAN):VARCHAR""",ROLE,SYSADMIN,false,SYSADMIN
2024-09-09 10:51:14.076 -0700,USAGE,PROCEDURE,"UPLAND_MAINTENANCE.SECURITY.""SP_GRANT_READ_PERMS(READ_ONLY_DB VARCHAR, READ_ONLY_SCHEMA VARCHAR, READ_ONLY_ROLE VARCHAR):VARCHAR(256)""",ROLE,SYSADMIN,false,ACCOUNTADMIN
2025-06-12 14:50:44.028 -0700,OWNERSHIP,PROCEDURE,"UPLAND_MAINTENANCE.SECURITY.""SP_RESET_PASSWORD(USERNAME VARCHAR, NEW_PASSWORD VARCHAR):VARCHAR""",ROLE,SYSADMIN,true,SYSADMIN
2025-06-12 14:50:53.593 -0700,OWNERSHIP,PROCEDURE,"UPLAND_MAINTENANCE.SECURITY.""SP_REVOKE_READWRITE_PERMS(RW_DB VARCHAR, RW_SCHEMA VARCHAR, RW_ROLE VARCHAR, ALL_SCHEMAS BOOLEAN):VARCHAR""",ROLE,SYSADMIN,true,SYSADMIN
2025-06-12 14:53:34.969 -0700,OWNERSHIP,PROCEDURE,"UPLAND_MAINTENANCE.SECURITY.""SP_REVOKE_READ_PERMS(READ_ONLY_DB VARCHAR, READ_ONLY_SCHEMA VARCHAR, READ_ONLY_ROLE VARCHAR):VARCHAR(256)""",ROLE,SYSADMIN,true,SYSADMIN
2025-06-12 14:50:59.408 -0700,OWNERSHIP,PROCEDURE,"UPLAND_MAINTENANCE.SECURITY.""SP_SET_PUBLIC_KEY(USERNAME VARCHAR, PUBLIC_KEY VARCHAR):VARCHAR""",ROLE,SYSADMIN,true,SYSADMIN
2025-06-12 14:50:43.409 -0700,OWNERSHIP,PROCEDURE,"UPLAND_MAINTENANCE.SECURITY.""SP_UNLOCK_USER(USERNAME VARCHAR):VARCHAR""",ROLE,SYSADMIN,true,SYSADMIN
2025-04-11 10:40:41.008 -0700,OWNERSHIP,PROCEDURE,"UPLAND_MAINTENANCE.UTIL.""CSV_IMPORT_SP(TABLENAME VARCHAR, FILENAME VARCHAR, FILE_FORMAT_SCHEMA VARCHAR, FILE_FORMAT_COPY VARCHAR, EXTERNAL_STAGE VARCHAR, EXTERNAL_INTEGRATION VARCHAR):VARCHAR""",ROLE,SYSADMIN,true,SYSADMIN
2025-04-11 10:40:46.724 -0700,USAGE,PROCEDURE,"UPLAND_MAINTENANCE.UTIL.""CSV_IMPORT_SP(TABLENAME VARCHAR, FILENAME VARCHAR, FILE_FORMAT_SCHEMA VARCHAR, FILE_FORMAT_COPY VARCHAR, EXTERNAL_STAGE VARCHAR, EXTERNAL_INTEGRATION VARCHAR):VARCHAR""",ROLE,SYSADMIN,false,SYSADMIN
2025-05-14 13:34:31.129 -0700,OWNERSHIP,PROCEDURE,"UPLAND_MAINTENANCE.UTIL.""CSV_IMPORT_SP(TABLENAME VARCHAR, FILENAME VARCHAR, FILE_FORMAT_SCHEMA VARCHAR, FILE_FORMAT_COPY VARCHAR, EXTERNAL_STAGE VARCHAR, EXTERNAL_INTEGRATION VARCHAR, JOB_NAME VARCHAR, IMPORT_LOG VARCHAR):VARCHAR""",ROLE,SYSADMIN,true,SYSADMIN
2025-04-02 13:44:53.343 -0700,USAGE,ROLE,SECURITYVIEWER,ROLE,SYSADMIN,false,ACCOUNTADMIN
2025-03-14 10:03:19.323 -0700,USAGE,ROLE,SIGMA_ROLE,ROLE,SYSADMIN,false,ACCOUNTADMIN
2023-08-15 14:13:51.434 -0700,USAGE,ROLE,UPLAND_ALATION,ROLE,SYSADMIN,false,SECURITYADMIN
2023-03-31 07:32:02.485 -0700,USAGE,ROLE,UPLAND_ANALYST,ROLE,SYSADMIN,false,SECURITYADMIN
2023-08-03 04:27:40.358 -0700,USAGE,ROLE,UPLAND_API_DEV,ROLE,SYSADMIN,false,SECURITYADMIN
2025-04-01 09:17:04.025 -0700,USAGE,ROLE,UPLAND_API_PROD,ROLE,SYSADMIN,false,SECURITYADMIN
2025-04-01 09:16:32.482 -0700,USAGE,ROLE,UPLAND_API_TEST,ROLE,SYSADMIN,false,SECURITYADMIN
2024-06-14 10:54:53.278 -0700,OWNERSHIP,ROLE,UPLAND_DATA_LAB.XTL_PREMIUM_FORECAST.XTL_PREMIUM_FORECAST_MODEL.USER,ROLE,SYSADMIN,true,SYSADMIN
2025-04-04 08:32:23.461 -0700,USAGE,ROLE,UPLAND_FIVESIGMA,ROLE,SYSADMIN,false,SECURITYADMIN
2023-04-12 10:50:18.947 -0700,USAGE,ROLE,UPLAND_INGEST,ROLE,SYSADMIN,false,SECURITYADMIN
2024-06-24 04:16:36.024 -0700,USAGE,ROLE,UPLAND_INSURED_SEARCH,ROLE,SYSADMIN,false,SECURITYADMIN
2023-04-18 14:22:46.771 -0700,USAGE,ROLE,UPLAND_MODEL_RUN,ROLE,SYSADMIN,false,SECURITYADMIN
2023-03-31 07:31:17.318 -0700,USAGE,ROLE,UPLAND_REPORTING,ROLE,SYSADMIN,false,SECURITYADMIN
2023-04-12 14:49:04.211 -0700,USAGE,ROLE,UPLAND_RISK_ANALYTICS,ROLE,SYSADMIN,false,SECURITYADMIN
2023-07-18 12:56:20.785 -0700,USAGE,ROLE,UPLAND_TESTING,ROLE,SYSADMIN,false,SECURITYADMIN
2023-05-08 07:07:54.642 -0700,USAGE,ROLE,UPLAND_TRANSFORMER,ROLE,SYSADMIN,false,SECURITYADMIN
2024-10-28 15:54:37.147 -0700,OWNERSHIP,SCHEMA,DEV_UPLAND_BRONZE_DB.ACTUARIAL_ULT_LR,ROLE,SYSADMIN,true,SYSADMIN
2024-11-08 11:45:03.071 -0800,OWNERSHIP,SCHEMA,DEV_UPLAND_BRONZE_DB.BLUEWIRE,ROLE,SYSADMIN,true,SYSADMIN
2025-04-23 14:04:32.086 -0700,OWNERSHIP,SCHEMA,DEV_UPLAND_BRONZE_DB.DOC_AI_POC,ROLE,SYSADMIN,true,SYSADMIN
2025-05-08 14:30:33.227 -0700,OWNERSHIP,SCHEMA,DEV_UPLAND_BRONZE_DB.FIVESIGMA,ROLE,SYSADMIN,true,SYSADMIN
2025-02-27 08:57:56.071 -0800,OWNERSHIP,SCHEMA,DEV_UPLAND_BRONZE_DB.LORO_TEST,ROLE,SYSADMIN,true,SYSADMIN
2023-12-26 04:50:15.868 -0800,OWNERSHIP,SCHEMA,DEV_UPLAND_BRONZE_DB.MARKETSTANCE,ROLE,SYSADMIN,true,SYSADMIN
2023-12-26 04:56:14.113 -0800,OWNERSHIP,SCHEMA,DEV_UPLAND_BRONZE_DB.MICROSOFT_GRAPH_API,ROLE,SYSADMIN,true,SYSADMIN
2023-12-26 05:04:00.020 -0800,OWNERSHIP,SCHEMA,DEV_UPLAND_BRONZE_DB.NETWORK_ADJUSTERS,ROLE,SYSADMIN,true,SYSADMIN
2023-06-05 11:57:23.387 -0700,OWNERSHIP,SCHEMA,DEV_UPLAND_BRONZE_DB.NETWORK_ADJUSTERS_CLAIM_NOTES,ROLE,SYSADMIN,true,SYSADMIN
2023-05-02 11:50:46.128 -0700,OWNERSHIP,SCHEMA,DEV_UPLAND_BRONZE_DB.NETWORK_ADJUSTERS_MONTH_END_REPORT,ROLE,SYSADMIN,true,SYSADMIN
2023-03-31 08:09:25.275 -0700,OWNERSHIP,SCHEMA,DEV_UPLAND_BRONZE_DB.PUBLIC,ROLE,SYSADMIN,true,SYSADMIN
2025-03-18 16:04:23.583 -0700,OWNERSHIP,SCHEMA,DEV_UPLAND_BRONZE_DB.RAND_TEST,ROLE,SYSADMIN,true,SYSADMIN
2024-11-22 09:16:25.693 -0800,OWNERSHIP,SCHEMA,DEV_UPLAND_BRONZE_DB.RIPRO,ROLE,SYSADMIN,true,SYSADMIN
2025-06-11 13:19:00.755 -0700,OWNERSHIP,SCHEMA,DEV_UPLAND_GOLD_DB.INTEGRATIONS,ROLE,SYSADMIN,true,SYSADMIN
2025-05-12 09:52:31.421 -0700,OWNERSHIP,SCHEMA,DEV_UPLAND_GOLD_DB.ME_POLICY_REPORTING,ROLE,SYSADMIN,true,SYSADMIN
2024-06-17 10:32:01.680 -0700,OWNERSHIP,SCHEMA,DEV_UPLAND_GOLD_DB.PUBLIC,ROLE,SYSADMIN,true,SYSADMIN
2025-03-18 15:57:30.292 -0700,OWNERSHIP,SCHEMA,DEV_UPLAND_GOLD_DB.RAND_TEST,ROLE,SYSADMIN,true,SYSADMIN
2024-06-17 10:27:51.068 -0700,OWNERSHIP,SCHEMA,DEV_UPLAND_SILVER_DB.PUBLIC,ROLE,SYSADMIN,true,SYSADMIN
2024-12-19 09:10:11.126 -0800,OWNERSHIP,SCHEMA,DEV_UPLAND_SILVER_DB.UCG_TESTS,ROLE,SYSADMIN,true,SYSADMIN
2024-11-16 08:26:25.441 -0800,OWNERSHIP,SCHEMA,PROD_UPLAND_BRONZE_DB.BLUEWIRE,ROLE,SYSADMIN,true,SYSADMIN
2025-04-04 08:28:45.522 -0700,OWNERSHIP,SCHEMA,PROD_UPLAND_BRONZE_DB.FIVESIGMA,ROLE,SYSADMIN,true,SYSADMIN
2024-07-05 04:49:04.993 -0700,OWNERSHIP,SCHEMA,PROD_UPLAND_BRONZE_DB.FMCSA,ROLE,SYSADMIN,true,SYSADMIN
2023-11-15 12:32:44.284 -0800,OWNERSHIP,SCHEMA,PROD_UPLAND_BRONZE_DB.MARKETSTANCE,ROLE,SYSADMIN,true,SYSADMIN
2023-05-31 15:28:14.673 -0700,OWNERSHIP,SCHEMA,PROD_UPLAND_BRONZE_DB.MICROSOFT_GRAPH_API,ROLE,SYSADMIN,true,SYSADMIN
2024-10-09 09:26:47.589 -0700,CREATE FILE FORMAT,SCHEMA,PROD_UPLAND_BRONZE_DB.NETWORK_ADJUSTERS,ROLE,SYSADMIN,false,UPLAND_INGEST
2024-10-09 09:26:51.775 -0700,CREATE PROCEDURE,SCHEMA,PROD_UPLAND_BRONZE_DB.NETWORK_ADJUSTERS,ROLE,SYSADMIN,false,UPLAND_INGEST
2024-10-09 09:26:46.281 -0700,CREATE STAGE,SCHEMA,PROD_UPLAND_BRONZE_DB.NETWORK_ADJUSTERS,ROLE,SYSADMIN,false,UPLAND_INGEST
2024-10-09 09:26:48.944 -0700,CREATE TABLE,SCHEMA,PROD_UPLAND_BRONZE_DB.NETWORK_ADJUSTERS,ROLE,SYSADMIN,false,UPLAND_INGEST
2024-10-09 09:26:50.560 -0700,CREATE VIEW,SCHEMA,PROD_UPLAND_BRONZE_DB.NETWORK_ADJUSTERS,ROLE,SYSADMIN,false,UPLAND_INGEST
2024-10-02 09:24:19.682 -0700,CREATE FILE FORMAT,SCHEMA,PROD_UPLAND_BRONZE_DB.NETWORK_ADJUSTERS_CSV,ROLE,SYSADMIN,false,ACCOUNTADMIN
2024-10-02 09:27:58.236 -0700,CREATE PROCEDURE,SCHEMA,PROD_UPLAND_BRONZE_DB.NETWORK_ADJUSTERS_CSV,ROLE,SYSADMIN,false,ACCOUNTADMIN
2024-10-02 08:54:02.723 -0700,CREATE STAGE,SCHEMA,PROD_UPLAND_BRONZE_DB.NETWORK_ADJUSTERS_CSV,ROLE,SYSADMIN,false,ACCOUNTADMIN
2024-10-02 09:27:34.723 -0700,CREATE TABLE,SCHEMA,PROD_UPLAND_BRONZE_DB.NETWORK_ADJUSTERS_CSV,ROLE,SYSADMIN,false,ACCOUNTADMIN
2024-10-02 09:27:55.652 -0700,CREATE VIEW,SCHEMA,PROD_UPLAND_BRONZE_DB.NETWORK_ADJUSTERS_CSV,ROLE,SYSADMIN,false,ACCOUNTADMIN
2023-05-04 07:15:23.671 -0700,OWNERSHIP,SCHEMA,PROD_UPLAND_BRONZE_DB.NETWORK_ADJUSTERS_MONTH_END_REPORT,ROLE,SYSADMIN,true,SYSADMIN
2023-04-24 13:00:52.205 -0700,OWNERSHIP,SCHEMA,PROD_UPLAND_BRONZE_DB.PUBLIC,ROLE,SYSADMIN,true,SYSADMIN
2025-06-11 13:18:29.194 -0700,OWNERSHIP,SCHEMA,PROD_UPLAND_GOLD_DB.INTEGRATIONS,ROLE,SYSADMIN,true,SYSADMIN
2025-01-03 14:59:45.823 -0800,OWNERSHIP,SCHEMA,PROD_UPLAND_GOLD_DB.ME_POLICY_REPORTING,ROLE,SYSADMIN,true,SYSADMIN
2023-07-13 07:35:26.925 -0700,OWNERSHIP,SCHEMA,PROD_UPLAND_GOLD_DB.PUBLIC,ROLE,SYSADMIN,true,SYSADMIN
2024-11-08 08:51:54.232 -0800,OWNERSHIP,SCHEMA,PROD_UPLAND_SILVER_DB.ACTUARIAL_ULT_LR,ROLE,SYSADMIN,true,SYSADMIN
2025-05-19 13:53:37.486 -0700,USAGE,SCHEMA,PROD_UPLAND_SILVER_DB.ACTUARIAL_ULT_LR,ROLE,SYSADMIN,false,SYSADMIN
2025-05-19 13:53:37.370 -0700,USAGE,SCHEMA,PROD_UPLAND_SILVER_DB.BUSINESS_VAULT,ROLE,SYSADMIN,false,UPLAND_TRANSFORMER
2025-05-19 13:53:37.502 -0700,USAGE,SCHEMA,PROD_UPLAND_SILVER_DB.CALCULATION,ROLE,SYSADMIN,false,UPLAND_TRANSFORMER
2025-05-19 13:53:37.518 -0700,USAGE,SCHEMA,PROD_UPLAND_SILVER_DB.DBT_TEST__AUDIT,ROLE,SYSADMIN,false,UPLAND_TRANSFORMER
2023-05-31 07:29:58.310 -0700,OWNERSHIP,SCHEMA,PROD_UPLAND_SILVER_DB.PUBLIC,ROLE,SYSADMIN,true,SYSADMIN
2025-05-19 13:53:37.535 -0700,USAGE,SCHEMA,PROD_UPLAND_SILVER_DB.PUBLIC,ROLE,SYSADMIN,false,SYSADMIN
2025-05-19 13:53:37.556 -0700,USAGE,SCHEMA,PROD_UPLAND_SILVER_DB.REFERENCE,ROLE,SYSADMIN,false,UPLAND_TRANSFORMER
2025-05-19 13:53:37.576 -0700,USAGE,SCHEMA,PROD_UPLAND_SILVER_DB.STAGE,ROLE,SYSADMIN,false,UPLAND_TRANSFORMER
2024-12-19 09:12:12.330 -0800,OWNERSHIP,SCHEMA,PROD_UPLAND_SILVER_DB.UCG_TESTS,ROLE,SYSADMIN,true,SYSADMIN
2025-05-19 13:53:37.585 -0700,USAGE,SCHEMA,PROD_UPLAND_SILVER_DB.UCG_TESTS,ROLE,SYSADMIN,false,SYSADMIN
2025-05-19 13:53:37.615 -0700,USAGE,SCHEMA,PROD_UPLAND_SILVER_DB.VAULT,ROLE,SYSADMIN,false,UPLAND_TRANSFORMER
2024-04-26 04:34:17.926 -0700,OWNERSHIP,SCHEMA,TEST_CLONE_DB.MARKETSTANCE,ROLE,SYSADMIN,true,SYSADMIN
2024-04-26 04:34:20.063 -0700,OWNERSHIP,SCHEMA,TEST_CLONE_DB.MICROSOFT_GRAPH_API,ROLE,SYSADMIN,true,SYSADMIN
2024-04-26 04:34:27.156 -0700,OWNERSHIP,SCHEMA,TEST_CLONE_DB.NETWORK_ADJUSTERS,ROLE,SYSADMIN,true,SYSADMIN
2024-04-26 04:34:28.366 -0700,OWNERSHIP,SCHEMA,TEST_CLONE_DB.NETWORK_ADJUSTERS_CLAIM_NOTES,ROLE,SYSADMIN,true,SYSADMIN
2024-04-26 04:34:43.596 -0700,OWNERSHIP,SCHEMA,TEST_CLONE_DB.NETWORK_ADJUSTERS_MONTH_END_REPORT,ROLE,SYSADMIN,true,SYSADMIN
2024-04-26 04:35:12.640 -0700,OWNERSHIP,SCHEMA,TEST_CLONE_DB.PUBLIC,ROLE,SYSADMIN,true,SYSADMIN
2025-06-11 13:22:48.816 -0700,OWNERSHIP,SCHEMA,TEST_UPLAND_GOLD_DB.INTEGRATIONS,ROLE,SYSADMIN,true,SYSADMIN
2024-06-17 10:25:47.980 -0700,OWNERSHIP,SCHEMA,TEST_UPLAND_GOLD_DB.PUBLIC,ROLE,SYSADMIN,true,SYSADMIN
2024-06-17 10:22:39.271 -0700,OWNERSHIP,SCHEMA,TEST_UPLAND_SILVER_DB.PUBLIC,ROLE,SYSADMIN,true,SYSADMIN
2023-05-10 06:53:53.284 -0700,OWNERSHIP,SCHEMA,UPLAND_DATA_LAB.ASTEWARDSON,ROLE,SYSADMIN,true,SYSADMIN
2025-02-12 11:03:44.438 -0800,OWNERSHIP,SCHEMA,UPLAND_DATA_LAB.DOC_AI_TEST,ROLE,SYSADMIN,true,SYSADMIN
2025-04-07 12:12:09.292 -0700,OWNERSHIP,SCHEMA,UPLAND_DATA_LAB.DS_SANDBOX,ROLE,SYSADMIN,true,SYSADMIN
2025-05-06 08:35:27.405 -0700,OWNERSHIP,SCHEMA,UPLAND_DATA_LAB.FMCSA,ROLE,SYSADMIN,true,SYSADMIN
2023-05-10 06:53:26.135 -0700,OWNERSHIP,SCHEMA,UPLAND_DATA_LAB.PUBLIC,ROLE,SYSADMIN,true,SYSADMIN
2025-02-25 10:32:52.336 -0800,OWNERSHIP,SCHEMA,UPLAND_DATA_LAB.SL_TEST,ROLE,SYSADMIN,true,SYSADMIN
2024-02-04 09:48:09.384 -0800,OWNERSHIP,SCHEMA,UPLAND_DATA_LAB.STREAMLIT_PROTO,ROLE,SYSADMIN,true,SYSADMIN
2024-06-14 10:42:48.290 -0700,OWNERSHIP,SCHEMA,UPLAND_DATA_LAB.XTL_PREMIUM_FORECAST,ROLE,SYSADMIN,true,SYSADMIN
2025-05-28 08:13:58.439 -0700,OWNERSHIP,SCHEMA,UPLAND_DATA_SCIENCE.PUBLIC,ROLE,SYSADMIN,true,SYSADMIN
2025-03-23 12:33:35.355 -0700,OWNERSHIP,SCHEMA,UPLAND_MAINTENANCE.ALERTING,ROLE,SYSADMIN,true,SYSADMIN
2024-09-11 14:29:51.057 -0700,CREATE FILE FORMAT,SCHEMA,UPLAND_MAINTENANCE.OMS,ROLE,SYSADMIN,false,ACCOUNTADMIN
2024-09-11 14:28:13.530 -0700,CREATE STAGE,SCHEMA,UPLAND_MAINTENANCE.OMS,ROLE,SYSADMIN,false,ACCOUNTADMIN
2023-04-28 08:14:15.184 -0700,OWNERSHIP,SCHEMA,UPLAND_MAINTENANCE.PUBLIC,ROLE,SYSADMIN,true,SYSADMIN
2024-05-30 12:15:57.531 -0700,OWNERSHIP,SCHEMA,UPLAND_MAINTENANCE.SALESFORCE_MAINTENANCE,ROLE,SYSADMIN,true,SYSADMIN
2024-06-21 08:14:55.309 -0700,USAGE,SCHEMA,UPLAND_MAINTENANCE.SECURITY,ROLE,SYSADMIN,false,ACCOUNTADMIN
2025-04-09 13:22:19.409 -0700,OWNERSHIP,SCHEMA,UPLAND_MAINTENANCE.UTIL,ROLE,SYSADMIN,true,SYSADMIN
2025-03-31 13:55:14.706 -0700,OWNERSHIP,SCHEMA,UPLAND_UTIL.IP_ALLOWLIST,ROLE,SYSADMIN,true,SYSADMIN
2025-03-31 13:55:14.164 -0700,OWNERSHIP,SCHEMA,UPLAND_UTIL.PUBLIC,ROLE,SYSADMIN,true,SYSADMIN
2025-02-27 09:17:46.429 -0800,OWNERSHIP,SECRET,DEV_UPLAND_BRONZE_DB.LORO_TEST.LORO_TEST_API_SECRET,ROLE,SYSADMIN,true,SYSADMIN
2025-02-27 09:28:54.826 -0800,USAGE,SECRET,UPLAND_MAINTENANCE.SECURITY.LORO_TEST_API_SECRET,ROLE,SYSADMIN,false,SECURITYADMIN
2025-05-14 13:21:32.978 -0700,OWNERSHIP,STAGE,DEV_UPLAND_BRONZE_DB.FIVESIGMA.AZST_FIVESIGMA_DEV_STG,ROLE,SYSADMIN,true,SYSADMIN
2025-05-14 13:21:40.006 -0700,READ,STAGE,DEV_UPLAND_BRONZE_DB.FIVESIGMA.AZST_FIVESIGMA_DEV_STG,ROLE,SYSADMIN,false,SYSADMIN
2025-05-14 13:21:40.027 -0700,USAGE,STAGE,DEV_UPLAND_BRONZE_DB.FIVESIGMA.AZST_FIVESIGMA_DEV_STG,ROLE,SYSADMIN,false,SYSADMIN
2025-05-14 13:21:40.052 -0700,WRITE,STAGE,DEV_UPLAND_BRONZE_DB.FIVESIGMA.AZST_FIVESIGMA_DEV_STG,ROLE,SYSADMIN,false,SYSADMIN
2025-04-07 09:04:59.246 -0700,OWNERSHIP,STAGE,PROD_UPLAND_BRONZE_DB.FIVESIGMA.AZST_FIVESIGMA_DEV_STG,ROLE,SYSADMIN,true,SYSADMIN
2025-05-27 10:27:16.881 -0700,OWNERSHIP,STAGE,PROD_UPLAND_BRONZE_DB.FIVESIGMA.AZST_FIVESIGMA_PROD_STG,ROLE,SYSADMIN,true,SYSADMIN
2025-05-27 10:27:40.234 -0700,READ,STAGE,PROD_UPLAND_BRONZE_DB.FIVESIGMA.AZST_FIVESIGMA_PROD_STG,ROLE,SYSADMIN,false,SYSADMIN
2025-05-27 10:27:40.189 -0700,USAGE,STAGE,PROD_UPLAND_BRONZE_DB.FIVESIGMA.AZST_FIVESIGMA_PROD_STG,ROLE,SYSADMIN,false,SYSADMIN
2025-05-27 10:27:40.215 -0700,WRITE,STAGE,PROD_UPLAND_BRONZE_DB.FIVESIGMA.AZST_FIVESIGMA_PROD_STG,ROLE,SYSADMIN,false,SYSADMIN
2024-10-17 11:02:13.275 -0700,OWNERSHIP,STAGE,PROD_UPLAND_BRONZE_DB.NETWORK_ADJUSTERS.STAGE_AZURE_STORAGE_NETADJ_CLAIM_NOTES_PROD,ROLE,SYSADMIN,true,SYSADMIN
2024-10-09 10:32:43.472 -0700,OWNERSHIP,STAGE,PROD_UPLAND_BRONZE_DB.NETWORK_ADJUSTERS.STAGE_AZURE_STORAGE_NETADJ_PROD,ROLE,SYSADMIN,true,SYSADMIN
2024-10-02 09:25:16.616 -0700,OWNERSHIP,STAGE,PROD_UPLAND_BRONZE_DB.NETWORK_ADJUSTERS_CSV.STAGE_AZURE_STORAGE_NETADJ_PROD,ROLE,SYSADMIN,true,SYSADMIN
2024-07-09 09:31:42.224 -0700,OWNERSHIP,STAGE,"UPLAND_DATA_LAB.ASTEWARDSON.""Notebook_internal_61ac5d99-9cdb-4666-9f29-5d2efc1ceacc""",ROLE,SYSADMIN,true,SYSADMIN
2024-07-09 09:31:42.253 -0700,OWNERSHIP,STAGE,"UPLAND_DATA_LAB.ASTEWARDSON.""versioned_NOTEBOOK_Claim Loss Triangles_e310c396-ef80-45c9-86c4-f5222e02ef44""",ROLE,SYSADMIN,true,SYSADMIN
2025-04-29 09:15:16.397 -0700,OWNERSHIP,STAGE,UPLAND_DATA_LAB.DOC_AI_TEST.DOC_INPUT_STAGE,ROLE,SYSADMIN,true,SYSADMIN
2025-02-12 11:03:56.040 -0800,OWNERSHIP,STAGE,UPLAND_DATA_LAB.PUBLIC.DOC_AI_STAGE,ROLE,SYSADMIN,true,SYSADMIN
2025-02-25 10:33:17.028 -0800,OWNERSHIP,STAGE,"UPLAND_DATA_LAB.SL_TEST.""FACH57Y0598H_QIL (Stage)""",ROLE,SYSADMIN,true,SYSADMIN
2025-02-25 13:03:09.227 -0800,OWNERSHIP,STAGE,"UPLAND_DATA_LAB.SL_TEST.""H_Z7NGYKQTSEHH04 (Stage)""",ROLE,SYSADMIN,true,SYSADMIN
2025-02-25 13:03:10.184 -0800,OWNERSHIP,STAGE,"UPLAND_DATA_LAB.SL_TEST.""Streamlit_internal_5c5716c2-fdb8-4804-914c-6681acb08176""",ROLE,SYSADMIN,true,SYSADMIN
2025-02-25 10:33:18.358 -0800,OWNERSHIP,STAGE,"UPLAND_DATA_LAB.SL_TEST.""Streamlit_internal_ef736ace-3494-4bf7-b43c-922371bdd349""",ROLE,SYSADMIN,true,SYSADMIN
2024-02-04 09:50:10.383 -0800,OWNERSHIP,STAGE,"UPLAND_DATA_LAB.STREAMLIT_PROTO.""J11J3GJYCARS7ING (Stage)""",ROLE,SYSADMIN,true,SYSADMIN
2024-02-04 09:50:11.471 -0800,OWNERSHIP,STAGE,"UPLAND_DATA_LAB.STREAMLIT_PROTO.""Streamlit_internal_e369051d-c8e6-49b7-9488-eae7e5d9151c""",ROLE,SYSADMIN,true,SYSADMIN
2024-09-11 14:31:29.162 -0700,OWNERSHIP,STAGE,UPLAND_MAINTENANCE.OMS.STAGE_AZURE_STORAGE_OMS,ROLE,SYSADMIN,true,SYSADMIN
2024-09-11 16:55:09.062 -0700,READ,STAGE,UPLAND_MAINTENANCE.OMS.STAGE_AZURE_STORAGE_OMS,ROLE,SYSADMIN,false,SYSADMIN
2024-09-11 16:55:09.084 -0700,USAGE,STAGE,UPLAND_MAINTENANCE.OMS.STAGE_AZURE_STORAGE_OMS,ROLE,SYSADMIN,false,SYSADMIN
2024-09-11 16:55:09.107 -0700,WRITE,STAGE,UPLAND_MAINTENANCE.OMS.STAGE_AZURE_STORAGE_OMS,ROLE,SYSADMIN,false,SYSADMIN
2025-02-25 10:33:18.300 -0800,OWNERSHIP,STREAMLIT,UPLAND_DATA_LAB.SL_TEST.FACH57Y0598H_QIL,ROLE,SYSADMIN,true,SYSADMIN
2025-02-25 13:03:10.142 -0800,OWNERSHIP,STREAMLIT,UPLAND_DATA_LAB.SL_TEST.H_Z7NGYKQTSEHH04,ROLE,SYSADMIN,true,SYSADMIN
2024-02-04 09:50:11.450 -0800,OWNERSHIP,STREAMLIT,UPLAND_DATA_LAB.STREAMLIT_PROTO.J11J3GJYCARS7ING,ROLE,SYSADMIN,true,SYSADMIN
2024-10-28 16:22:14.548 -0700,OWNERSHIP,TABLE,DEV_UPLAND_BRONZE_DB.ACTUARIAL_ULT_LR.GROSS_NET_ULTIMATE_LLAE_BY_POLICY_ASOF_JUN_30_2024,ROLE,SYSADMIN,true,SYSADMIN
2024-11-13 08:52:58.958 -0800,OWNERSHIP,TABLE,DEV_UPLAND_BRONZE_DB.ACTUARIAL_ULT_LR.GROSS_NET_ULTIMATE_LLAE_BY_POLICY_ASOF_Q3_2024,ROLE,SYSADMIN,true,SYSADMIN
2024-11-08 11:52:34.099 -0800,OWNERSHIP,TABLE,DEV_UPLAND_BRONZE_DB.BLUEWIRE.BLUEWIRE_GAP_SCORE_DATA202410,ROLE,SYSADMIN,true,SYSADMIN
2024-12-03 16:08:05.198 -0800,OWNERSHIP,TABLE,DEV_UPLAND_BRONZE_DB.BLUEWIRE.BLUEWIRE_GAP_SCORE_DATA202411,ROLE,SYSADMIN,true,SYSADMIN
2025-05-24 08:00:42.258 -0700,OWNERSHIP,TABLE,DEV_UPLAND_BRONZE_DB.BLUEWIRE.BLUEWIRE_GAP_SCORE_DATA202504,ROLE,SYSADMIN,true,SYSADMIN
2025-05-12 11:30:14.984 -0700,OWNERSHIP,TABLE,DEV_UPLAND_BRONZE_DB.BLUEWIRE.BLUEWIRE_GAP_SCORE_DATA202504_TEST,ROLE,SYSADMIN,true,SYSADMIN
2025-05-08 15:02:39.699 -0700,OWNERSHIP,TABLE,DEV_UPLAND_BRONZE_DB.FIVESIGMA.IMPORT_LOG,ROLE,SYSADMIN,true,SYSADMIN
2025-06-13 03:16:17.454 -0700,OWNERSHIP,TABLE,DEV_UPLAND_BRONZE_DB.FIVESIGMA.STG_BODILYINJURY,ROLE,SYSADMIN,true,SYSADMIN
2025-06-13 03:16:20.091 -0700,OWNERSHIP,TABLE,DEV_UPLAND_BRONZE_DB.FIVESIGMA.STG_CLAIM,ROLE,SYSADMIN,true,SYSADMIN
2025-06-13 03:16:23.063 -0700,OWNERSHIP,TABLE,DEV_UPLAND_BRONZE_DB.FIVESIGMA.STG_CLAIMCONTACTASSOCIATION,ROLE,SYSADMIN,true,SYSADMIN
2025-06-13 03:16:26.158 -0700,OWNERSHIP,TABLE,DEV_UPLAND_BRONZE_DB.FIVESIGMA.STG_CLAIMLIFESPANCYCLE,ROLE,SYSADMIN,true,SYSADMIN
2025-06-13 03:16:28.831 -0700,OWNERSHIP,TABLE,DEV_UPLAND_BRONZE_DB.FIVESIGMA.STG_CLAIMOWNERHISTORY,ROLE,SYSADMIN,true,SYSADMIN
2025-06-13 03:16:31.639 -0700,OWNERSHIP,TABLE,DEV_UPLAND_BRONZE_DB.FIVESIGMA.STG_COMMUNICATION,ROLE,SYSADMIN,true,SYSADMIN
2025-06-13 03:16:34.121 -0700,OWNERSHIP,TABLE,DEV_UPLAND_BRONZE_DB.FIVESIGMA.STG_COMMUNICATIONATTACHMENT,ROLE,SYSADMIN,true,SYSADMIN
2025-06-13 03:16:36.752 -0700,OWNERSHIP,TABLE,DEV_UPLAND_BRONZE_DB.FIVESIGMA.STG_CONTACT,ROLE,SYSADMIN,true,SYSADMIN
2025-06-13 03:16:39.474 -0700,OWNERSHIP,TABLE,DEV_UPLAND_BRONZE_DB.FIVESIGMA.STG_CONTACTEMAIL,ROLE,SYSADMIN,true,SYSADMIN
2025-06-13 03:16:41.857 -0700,OWNERSHIP,TABLE,DEV_UPLAND_BRONZE_DB.FIVESIGMA.STG_CONTACTPHONE,ROLE,SYSADMIN,true,SYSADMIN
2025-06-13 03:16:44.244 -0700,OWNERSHIP,TABLE,DEV_UPLAND_BRONZE_DB.FIVESIGMA.STG_COVERAGE,ROLE,SYSADMIN,true,SYSADMIN
2025-06-13 03:16:46.550 -0700,OWNERSHIP,TABLE,DEV_UPLAND_BRONZE_DB.FIVESIGMA.STG_COVERAGEDECISION,ROLE,SYSADMIN,true,SYSADMIN
2025-06-13 03:16:49.306 -0700,OWNERSHIP,TABLE,DEV_UPLAND_BRONZE_DB.FIVESIGMA.STG_COVEREDOBJECT,ROLE,SYSADMIN,true,SYSADMIN
2025-06-13 03:16:51.622 -0700,OWNERSHIP,TABLE,DEV_UPLAND_BRONZE_DB.FIVESIGMA.STG_DAMAGEASSESSMENT,ROLE,SYSADMIN,true,SYSADMIN
2025-06-13 03:16:53.979 -0700,OWNERSHIP,TABLE,DEV_UPLAND_BRONZE_DB.FIVESIGMA.STG_DAMAGEASSESSMENTDOCUMENTS,ROLE,SYSADMIN,true,SYSADMIN
2025-06-13 03:16:56.762 -0700,OWNERSHIP,TABLE,DEV_UPLAND_BRONZE_DB.FIVESIGMA.STG_DOCUMENT,ROLE,SYSADMIN,true,SYSADMIN
2025-06-13 03:16:59.386 -0700,OWNERSHIP,TABLE,DEV_UPLAND_BRONZE_DB.FIVESIGMA.STG_DOCUMENTSEXPOSURESASSOCIATION,ROLE,SYSADMIN,true,SYSADMIN
2025-06-13 03:17:01.901 -0700,OWNERSHIP,TABLE,DEV_UPLAND_BRONZE_DB.FIVESIGMA.STG_EMAILCOMMUNICATION,ROLE,SYSADMIN,true,SYSADMIN
2025-06-13 03:17:04.484 -0700,OWNERSHIP,TABLE,DEV_UPLAND_BRONZE_DB.FIVESIGMA.STG_EMAILCOMMUNICATIONCCRECIPIENT,ROLE,SYSADMIN,true,SYSADMIN
2025-06-13 03:17:07.041 -0700,OWNERSHIP,TABLE,DEV_UPLAND_BRONZE_DB.FIVESIGMA.STG_EXPOSURE,ROLE,SYSADMIN,true,SYSADMIN
2025-06-13 03:17:09.457 -0700,OWNERSHIP,TABLE,DEV_UPLAND_BRONZE_DB.FIVESIGMA.STG_EXPOSURELIFESPAN,ROLE,SYSADMIN,true,SYSADMIN
2025-06-13 03:17:11.941 -0700,OWNERSHIP,TABLE,DEV_UPLAND_BRONZE_DB.FIVESIGMA.STG_EXPOSUREOWNERHISTORY,ROLE,SYSADMIN,true,SYSADMIN
2025-06-13 03:17:14.478 -0700,OWNERSHIP,TABLE,DEV_UPLAND_BRONZE_DB.FIVESIGMA.STG_EXTERNALCLAIMNUMBER,ROLE,SYSADMIN,true,SYSADMIN
2025-06-13 03:17:16.866 -0700,OWNERSHIP,TABLE,DEV_UPLAND_BRONZE_DB.FIVESIGMA.STG_ICDCODES,ROLE,SYSADMIN,true,SYSADMIN
2025-06-13 03:17:19.958 -0700,OWNERSHIP,TABLE,DEV_UPLAND_BRONZE_DB.FIVESIGMA.STG_INVOLVEDPERSON,ROLE,SYSADMIN,true,SYSADMIN
2025-06-13 03:17:22.875 -0700,OWNERSHIP,TABLE,DEV_UPLAND_BRONZE_DB.FIVESIGMA.STG_LEGALACTION,ROLE,SYSADMIN,true,SYSADMIN
2025-06-13 03:17:25.845 -0700,OWNERSHIP,TABLE,DEV_UPLAND_BRONZE_DB.FIVESIGMA.STG_LEGALACTIONDATEOFSERVICE,ROLE,SYSADMIN,true,SYSADMIN
2025-06-13 03:17:28.360 -0700,OWNERSHIP,TABLE,DEV_UPLAND_BRONZE_DB.FIVESIGMA.STG_LEGALACTIONDISPUTERESOLUTIONPROFESSIONAL,ROLE,SYSADMIN,true,SYSADMIN
2025-06-13 03:17:31.080 -0700,OWNERSHIP,TABLE,DEV_UPLAND_BRONZE_DB.FIVESIGMA.STG_LEGALACTIONPARTY,ROLE,SYSADMIN,true,SYSADMIN
2025-06-13 03:17:33.492 -0700,OWNERSHIP,TABLE,DEV_UPLAND_BRONZE_DB.FIVESIGMA.STG_LIABILITYGENERALDAMAGE,ROLE,SYSADMIN,true,SYSADMIN
2025-06-13 03:17:35.947 -0700,OWNERSHIP,TABLE,DEV_UPLAND_BRONZE_DB.FIVESIGMA.STG_LIABILITYLIEN,ROLE,SYSADMIN,true,SYSADMIN
2025-06-13 03:17:38.281 -0700,OWNERSHIP,TABLE,DEV_UPLAND_BRONZE_DB.FIVESIGMA.STG_LIABILITYLOSTWAGESANDEXPENSES,ROLE,SYSADMIN,true,SYSADMIN
2025-06-13 03:17:40.643 -0700,OWNERSHIP,TABLE,DEV_UPLAND_BRONZE_DB.FIVESIGMA.STG_LIABILITYMEDICALDAMAGE,ROLE,SYSADMIN,true,SYSADMIN
2025-06-13 03:17:43.158 -0700,OWNERSHIP,TABLE,DEV_UPLAND_BRONZE_DB.FIVESIGMA.STG_LICENSES,ROLE,SYSADMIN,true,SYSADMIN
2025-06-13 03:17:46.538 -0700,OWNERSHIP,TABLE,DEV_UPLAND_BRONZE_DB.FIVESIGMA.STG_LITIGATION,ROLE,SYSADMIN,true,SYSADMIN
2025-06-13 03:17:48.890 -0700,OWNERSHIP,TABLE,DEV_UPLAND_BRONZE_DB.FIVESIGMA.STG_MOI,ROLE,SYSADMIN,true,SYSADMIN
2025-06-13 03:17:51.133 -0700,OWNERSHIP,TABLE,DEV_UPLAND_BRONZE_DB.FIVESIGMA.STG_MOIEXPOSUREASSOCIATION,ROLE,SYSADMIN,true,SYSADMIN
2025-06-13 03:17:53.374 -0700,OWNERSHIP,TABLE,DEV_UPLAND_BRONZE_DB.FIVESIGMA.STG_NEGOTIATION,ROLE,SYSADMIN,true,SYSADMIN
2025-06-13 03:17:56.158 -0700,OWNERSHIP,TABLE,DEV_UPLAND_BRONZE_DB.FIVESIGMA.STG_NEGOTIATIONPROSANDCONS,ROLE,SYSADMIN,true,SYSADMIN
2025-06-13 03:17:58.902 -0700,OWNERSHIP,TABLE,DEV_UPLAND_BRONZE_DB.FIVESIGMA.STG_NOTE,ROLE,SYSADMIN,true,SYSADMIN
2025-06-13 03:18:01.711 -0700,OWNERSHIP,TABLE,DEV_UPLAND_BRONZE_DB.FIVESIGMA.STG_NOTIFICATION,ROLE,SYSADMIN,true,SYSADMIN
2025-06-13 03:18:04.349 -0700,OWNERSHIP,TABLE,DEV_UPLAND_BRONZE_DB.FIVESIGMA.STG_PAYMENTTRANSACTION,ROLE,SYSADMIN,true,SYSADMIN
2025-06-13 03:18:06.785 -0700,OWNERSHIP,TABLE,DEV_UPLAND_BRONZE_DB.FIVESIGMA.STG_PAYMENTTRANSACTIONDOCUMENTSASSOCIATION,ROLE,SYSADMIN,true,SYSADMIN
2025-06-13 03:17:22.333 -0700,OWNERSHIP,TABLE,DEV_UPLAND_BRONZE_DB.FIVESIGMA.STG_PAYMENTTRANSACTIONSUBRESERVES,ROLE,SYSADMIN,true,SYSADMIN
2025-06-13 03:17:25.100 -0700,OWNERSHIP,TABLE,DEV_UPLAND_BRONZE_DB.FIVESIGMA.STG_PECUNIARYLOSSES,ROLE,SYSADMIN,true,SYSADMIN
2025-06-13 03:17:27.789 -0700,OWNERSHIP,TABLE,DEV_UPLAND_BRONZE_DB.FIVESIGMA.STG_PHONECALLCOMMUNICATION,ROLE,SYSADMIN,true,SYSADMIN
2025-06-13 03:17:30.583 -0700,OWNERSHIP,TABLE,DEV_UPLAND_BRONZE_DB.FIVESIGMA.STG_POLICY,ROLE,SYSADMIN,true,SYSADMIN
2025-06-13 03:17:33.095 -0700,OWNERSHIP,TABLE,DEV_UPLAND_BRONZE_DB.FIVESIGMA.STG_PROPERTYITEMS,ROLE,SYSADMIN,true,SYSADMIN
2025-06-13 03:17:35.482 -0700,OWNERSHIP,TABLE,DEV_UPLAND_BRONZE_DB.FIVESIGMA.STG_PROPERTYLOSSDETAILS,ROLE,SYSADMIN,true,SYSADMIN
2025-06-13 03:17:37.891 -0700,OWNERSHIP,TABLE,DEV_UPLAND_BRONZE_DB.FIVESIGMA.STG_RECOVERYTRANSACTION,ROLE,SYSADMIN,true,SYSADMIN
2025-06-13 03:17:40.158 -0700,OWNERSHIP,TABLE,DEV_UPLAND_BRONZE_DB.FIVESIGMA.STG_RESERVEAPPROVALREQUESTS,ROLE,SYSADMIN,true,SYSADMIN
2025-06-13 03:17:42.722 -0700,OWNERSHIP,TABLE,DEV_UPLAND_BRONZE_DB.FIVESIGMA.STG_RESERVECHANGETRANSACTION,ROLE,SYSADMIN,true,SYSADMIN
2025-06-13 03:17:45.907 -0700,OWNERSHIP,TABLE,DEV_UPLAND_BRONZE_DB.FIVESIGMA.STG_RESERVECHANGETRANSACTIONSUBRESERVES,ROLE,SYSADMIN,true,SYSADMIN
2025-06-13 03:17:48.168 -0700,OWNERSHIP,TABLE,DEV_UPLAND_BRONZE_DB.FIVESIGMA.STG_SIU,ROLE,SYSADMIN,true,SYSADMIN
2025-06-13 03:17:50.544 -0700,OWNERSHIP,TABLE,DEV_UPLAND_BRONZE_DB.FIVESIGMA.STG_SUBROGATION,ROLE,SYSADMIN,true,SYSADMIN
2025-06-13 03:17:53.026 -0700,OWNERSHIP,TABLE,DEV_UPLAND_BRONZE_DB.FIVESIGMA.STG_USER,ROLE,SYSADMIN,true,SYSADMIN
2025-06-13 03:17:55.698 -0700,OWNERSHIP,TABLE,DEV_UPLAND_BRONZE_DB.FIVESIGMA.STG_WITNESS,ROLE,SYSADMIN,true,SYSADMIN
2023-12-26 04:50:18.042 -0800,OWNERSHIP,TABLE,DEV_UPLAND_BRONZE_DB.MARKETSTANCE.STCNTY_HEADQUARTERSFLAT_UPLAND_2023_09,ROLE,SYSADMIN,true,SYSADMIN
2025-01-24 04:34:43.397 -0800,OWNERSHIP,TABLE,DEV_UPLAND_BRONZE_DB.MICROSOFT_GRAPH_API.OUTLOOK_SUBMISSION_DEV_INBOX,ROLE,SYSADMIN,true,SYSADMIN
2023-12-26 04:56:14.188 -0800,OWNERSHIP,TABLE,DEV_UPLAND_BRONZE_DB.MICROSOFT_GRAPH_API.OUTLOOK_SUBMISSION_INBOX,ROLE,SYSADMIN,true,SYSADMIN
2023-12-26 04:56:14.811 -0800,OWNERSHIP,TABLE,DEV_UPLAND_BRONZE_DB.MICROSOFT_GRAPH_API.OUTLOOK_SUBMISSION_INBOX_OLD,ROLE,SYSADMIN,true,SYSADMIN
2024-02-26 12:06:12.151 -0800,OWNERSHIP,TABLE,DEV_UPLAND_BRONZE_DB.MICROSOFT_GRAPH_API.OUTLOOK_SUBMISSION_INBOX_V2,ROLE,SYSADMIN,true,SYSADMIN
2024-06-11 09:24:22.009 -0700,OWNERSHIP,TABLE,DEV_UPLAND_BRONZE_DB.MICROSOFT_GRAPH_API.OUTLOOK_SUBMISSION_UAT_INBOX,ROLE,SYSADMIN,true,SYSADMIN
2025-03-07 15:12:45.317 -0800,OWNERSHIP,TABLE,DEV_UPLAND_BRONZE_DB.MICROSOFT_GRAPH_API.OUTLOOK_SUBMISSION_UAT_PROCESSED,ROLE,SYSADMIN,true,SYSADMIN
2025-03-07 15:12:53.588 -0800,OWNERSHIP,TABLE,DEV_UPLAND_BRONZE_DB.MICROSOFT_GRAPH_API.OUTLOOK_SUBMISSION_UAT_PULSE,ROLE,SYSADMIN,true,SYSADMIN
2025-01-03 09:36:37.470 -0800,OWNERSHIP,TABLE,DEV_UPLAND_BRONZE_DB.MICROSOFT_GRAPH_API.STAGE_OUTLOOK_SUBMISSION_UAT_INBOX,ROLE,SYSADMIN,true,SYSADMIN
2023-12-29 05:28:53.791 -0800,OWNERSHIP,TABLE,DEV_UPLAND_BRONZE_DB.MICROSOFT_GRAPH_API.SUBMISSION_INBOX_ADF,ROLE,SYSADMIN,true,SYSADMIN
2024-02-26 07:59:45.834 -0800,OWNERSHIP,TABLE,DEV_UPLAND_BRONZE_DB.MICROSOFT_GRAPH_API.SUBMISSION_INBOX_TEST,ROLE,SYSADMIN,true,SYSADMIN
2024-04-30 09:16:18.739 -0700,OWNERSHIP,TABLE,DEV_UPLAND_BRONZE_DB.NETWORK_ADJUSTERS.CLAIM,ROLE,SYSADMIN,true,SYSADMIN
2024-07-02 12:58:28.202 -0700,OWNERSHIP,TABLE,DEV_UPLAND_BRONZE_DB.NETWORK_ADJUSTERS.CLAIMANT,ROLE,SYSADMIN,true,SYSADMIN
2024-10-17 11:37:06.673 -0700,OWNERSHIP,TABLE,DEV_UPLAND_BRONZE_DB.NETWORK_ADJUSTERS.CLAIM_NOTES,ROLE,SYSADMIN,true,SYSADMIN
2024-03-07 04:52:42.205 -0800,OWNERSHIP,TABLE,DEV_UPLAND_BRONZE_DB.NETWORK_ADJUSTERS.CLAIM_NOTES_ARCHIVE_20241017,ROLE,SYSADMIN,true,SYSADMIN
2024-10-17 10:50:13.675 -0700,OWNERSHIP,TABLE,DEV_UPLAND_BRONZE_DB.NETWORK_ADJUSTERS.CLMNT,ROLE,SYSADMIN,true,SYSADMIN
2024-04-30 09:18:18.292 -0700,OWNERSHIP,TABLE,DEV_UPLAND_BRONZE_DB.NETWORK_ADJUSTERS.DRAFT,ROLE,SYSADMIN,true,SYSADMIN
2024-04-30 09:18:19.710 -0700,OWNERSHIP,TABLE,DEV_UPLAND_BRONZE_DB.NETWORK_ADJUSTERS.DRIVER,ROLE,SYSADMIN,true,SYSADMIN
2024-04-30 09:18:20.933 -0700,OWNERSHIP,TABLE,DEV_UPLAND_BRONZE_DB.NETWORK_ADJUSTERS.LEGAL,ROLE,SYSADMIN,true,SYSADMIN
2024-04-30 09:18:24.174 -0700,OWNERSHIP,TABLE,DEV_UPLAND_BRONZE_DB.NETWORK_ADJUSTERS.LOSADDR,ROLE,SYSADMIN,true,SYSADMIN
2024-04-30 09:18:30.771 -0700,OWNERSHIP,TABLE,DEV_UPLAND_BRONZE_DB.NETWORK_ADJUSTERS.LOSRES,ROLE,SYSADMIN,true,SYSADMIN
2023-08-03 07:45:04.776 -0700,OWNERSHIP,TABLE,DEV_UPLAND_BRONZE_DB.NETWORK_ADJUSTERS_CLAIM_NOTES.CLAIM_NOTES_2023_08_03,ROLE,SYSADMIN,true,SYSADMIN
2024-02-02 14:39:51.422 -0800,OWNERSHIP,TABLE,DEV_UPLAND_BRONZE_DB.NETWORK_ADJUSTERS_CLAIM_NOTES.CLAIM_NOTES_2024_02_01,ROLE,SYSADMIN,true,SYSADMIN
2023-12-26 05:30:37.634 -0800,OWNERSHIP,TABLE,DEV_UPLAND_BRONZE_DB.NETWORK_ADJUSTERS_MONTH_END_REPORT.UPLAND_SPECIALTY_COMBINED_ALL,ROLE,SYSADMIN,true,SYSADMIN
2023-08-16 08:11:59.351 -0700,OWNERSHIP,TABLE,DEV_UPLAND_BRONZE_DB.NETWORK_ADJUSTERS_MONTH_END_REPORT.UPLAND_SPECIALTY_COMBINED_ALL_2021_09_01,ROLE,SYSADMIN,true,SYSADMIN
2023-08-16 08:31:51.717 -0700,OWNERSHIP,TABLE,DEV_UPLAND_BRONZE_DB.NETWORK_ADJUSTERS_MONTH_END_REPORT.UPLAND_SPECIALTY_COMBINED_ALL_2021_10_01,ROLE,SYSADMIN,true,SYSADMIN
2023-08-16 08:35:38.382 -0700,OWNERSHIP,TABLE,DEV_UPLAND_BRONZE_DB.NETWORK_ADJUSTERS_MONTH_END_REPORT.UPLAND_SPECIALTY_COMBINED_ALL_2021_11_01,ROLE,SYSADMIN,true,SYSADMIN
2023-08-16 08:43:44.958 -0700,OWNERSHIP,TABLE,DEV_UPLAND_BRONZE_DB.NETWORK_ADJUSTERS_MONTH_END_REPORT.UPLAND_SPECIALTY_COMBINED_ALL_2021_12_31,ROLE,SYSADMIN,true,SYSADMIN
2023-08-16 10:56:52.801 -0700,OWNERSHIP,TABLE,DEV_UPLAND_BRONZE_DB.NETWORK_ADJUSTERS_MONTH_END_REPORT.UPLAND_SPECIALTY_COMBINED_ALL_2022_01_31,ROLE,SYSADMIN,true,SYSADMIN
2023-08-16 08:52:32.502 -0700,OWNERSHIP,TABLE,DEV_UPLAND_BRONZE_DB.NETWORK_ADJUSTERS_MONTH_END_REPORT.UPLAND_SPECIALTY_COMBINED_ALL_2022_02_28,ROLE,SYSADMIN,true,SYSADMIN
2023-08-16 08:54:04.752 -0700,OWNERSHIP,TABLE,DEV_UPLAND_BRONZE_DB.NETWORK_ADJUSTERS_MONTH_END_REPORT.UPLAND_SPECIALTY_COMBINED_ALL_2022_03_31,ROLE,SYSADMIN,true,SYSADMIN
2023-08-16 08:55:56.836 -0700,OWNERSHIP,TABLE,DEV_UPLAND_BRONZE_DB.NETWORK_ADJUSTERS_MONTH_END_REPORT.UPLAND_SPECIALTY_COMBINED_ALL_2022_04_30,ROLE,SYSADMIN,true,SYSADMIN
2023-08-16 08:59:12.066 -0700,OWNERSHIP,TABLE,DEV_UPLAND_BRONZE_DB.NETWORK_ADJUSTERS_MONTH_END_REPORT.UPLAND_SPECIALTY_COMBINED_ALL_2022_05_31,ROLE,SYSADMIN,true,SYSADMIN
2023-08-16 09:03:19.104 -0700,OWNERSHIP,TABLE,DEV_UPLAND_BRONZE_DB.NETWORK_ADJUSTERS_MONTH_END_REPORT.UPLAND_SPECIALTY_COMBINED_ALL_2022_06_30,ROLE,SYSADMIN,true,SYSADMIN
2023-08-16 09:06:45.167 -0700,OWNERSHIP,TABLE,DEV_UPLAND_BRONZE_DB.NETWORK_ADJUSTERS_MONTH_END_REPORT.UPLAND_SPECIALTY_COMBINED_ALL_2022_07_31,ROLE,SYSADMIN,true,SYSADMIN
2023-08-16 09:08:36.203 -0700,OWNERSHIP,TABLE,DEV_UPLAND_BRONZE_DB.NETWORK_ADJUSTERS_MONTH_END_REPORT.UPLAND_SPECIALTY_COMBINED_ALL_2022_08_31,ROLE,SYSADMIN,true,SYSADMIN
2023-08-16 09:10:29.849 -0700,OWNERSHIP,TABLE,DEV_UPLAND_BRONZE_DB.NETWORK_ADJUSTERS_MONTH_END_REPORT.UPLAND_SPECIALTY_COMBINED_ALL_2022_09_30,ROLE,SYSADMIN,true,SYSADMIN
2023-08-16 09:12:03.494 -0700,OWNERSHIP,TABLE,DEV_UPLAND_BRONZE_DB.NETWORK_ADJUSTERS_MONTH_END_REPORT.UPLAND_SPECIALTY_COMBINED_ALL_2022_10_31,ROLE,SYSADMIN,true,SYSADMIN
2023-08-16 09:15:04.614 -0700,OWNERSHIP,TABLE,DEV_UPLAND_BRONZE_DB.NETWORK_ADJUSTERS_MONTH_END_REPORT.UPLAND_SPECIALTY_COMBINED_ALL_2022_11_30,ROLE,SYSADMIN,true,SYSADMIN
2023-08-16 09:16:54.041 -0700,OWNERSHIP,TABLE,DEV_UPLAND_BRONZE_DB.NETWORK_ADJUSTERS_MONTH_END_REPORT.UPLAND_SPECIALTY_COMBINED_ALL_2022_12_31,ROLE,SYSADMIN,true,SYSADMIN
2023-08-16 09:19:46.821 -0700,OWNERSHIP,TABLE,DEV_UPLAND_BRONZE_DB.NETWORK_ADJUSTERS_MONTH_END_REPORT.UPLAND_SPECIALTY_COMBINED_ALL_2023_01_31,ROLE,SYSADMIN,true,SYSADMIN
2023-08-16 09:21:53.649 -0700,OWNERSHIP,TABLE,DEV_UPLAND_BRONZE_DB.NETWORK_ADJUSTERS_MONTH_END_REPORT.UPLAND_SPECIALTY_COMBINED_ALL_2023_02_28,ROLE,SYSADMIN,true,SYSADMIN
2023-08-16 09:25:39.433 -0700,OWNERSHIP,TABLE,DEV_UPLAND_BRONZE_DB.NETWORK_ADJUSTERS_MONTH_END_REPORT.UPLAND_SPECIALTY_COMBINED_ALL_2023_03_31,ROLE,SYSADMIN,true,SYSADMIN
2023-08-16 09:28:18.762 -0700,OWNERSHIP,TABLE,DEV_UPLAND_BRONZE_DB.NETWORK_ADJUSTERS_MONTH_END_REPORT.UPLAND_SPECIALTY_COMBINED_ALL_2023_04_30,ROLE,SYSADMIN,true,SYSADMIN
2023-08-16 09:30:09.194 -0700,OWNERSHIP,TABLE,DEV_UPLAND_BRONZE_DB.NETWORK_ADJUSTERS_MONTH_END_REPORT.UPLAND_SPECIALTY_COMBINED_ALL_2023_05_31,ROLE,SYSADMIN,true,SYSADMIN
2023-08-16 11:12:41.012 -0700,OWNERSHIP,TABLE,DEV_UPLAND_BRONZE_DB.NETWORK_ADJUSTERS_MONTH_END_REPORT.UPLAND_SPECIALTY_COMBINED_ALL_2023_06_30,ROLE,SYSADMIN,true,SYSADMIN
2023-08-16 11:31:52.802 -0700,OWNERSHIP,TABLE,DEV_UPLAND_BRONZE_DB.NETWORK_ADJUSTERS_MONTH_END_REPORT.UPLAND_SPECIALTY_COMBINED_ALL_2023_07_31,ROLE,SYSADMIN,true,SYSADMIN
2023-10-13 05:35:42.932 -0700,OWNERSHIP,TABLE,DEV_UPLAND_BRONZE_DB.NETWORK_ADJUSTERS_MONTH_END_REPORT.UPLAND_SPECIALTY_COMBINED_ALL_2023_08_31,ROLE,SYSADMIN,true,SYSADMIN
2023-10-13 06:05:15.628 -0700,OWNERSHIP,TABLE,DEV_UPLAND_BRONZE_DB.NETWORK_ADJUSTERS_MONTH_END_REPORT.UPLAND_SPECIALTY_COMBINED_ALL_2023_09_30,ROLE,SYSADMIN,true,SYSADMIN
2024-01-24 07:10:32.296 -0800,OWNERSHIP,TABLE,DEV_UPLAND_BRONZE_DB.NETWORK_ADJUSTERS_MONTH_END_REPORT.UPLAND_SPECIALTY_COMBINED_ALL_2023_10_31,ROLE,SYSADMIN,true,SYSADMIN
2025-03-18 16:04:33.216 -0700,OWNERSHIP,TABLE,"DEV_UPLAND_BRONZE_DB.RAND_TEST.""coverage_test""",ROLE,SYSADMIN,true,SYSADMIN
2024-11-22 10:51:24.518 -0800,OWNERSHIP,TABLE,DEV_UPLAND_BRONZE_DB.RIPRO.LOSS_IMPORT,ROLE,SYSADMIN,true,SYSADMIN
2024-11-22 10:48:29.859 -0800,OWNERSHIP,TABLE,DEV_UPLAND_BRONZE_DB.RIPRO.PREMIUM_IMPORT,ROLE,SYSADMIN,true,SYSADMIN
2024-01-10 05:54:52.767 -0800,OWNERSHIP,TABLE,DEV_UPLAND_BRONZE_DB.SOLARTIS_SANDBOX_DB_UPLANDCAPITALLIVEDB.SOLARTIS_ATTRIBUTE_CONFIG,ROLE,SYSADMIN,true,SYSADMIN
2024-04-09 10:45:45.188 -0700,OWNERSHIP,TABLE,DEV_UPLAND_BRONZE_DB.SOLARTIS_SANDBOX_DB_UPLANDCAPITALLIVEDB.SOLARTIS_CONFIG,ROLE,SYSADMIN,true,SYSADMIN
2025-05-12 09:54:42.022 -0700,OWNERSHIP,TABLE,DEV_UPLAND_GOLD_DB.ME_POLICY_REPORTING.TBLPOLICYBOUNDDETAILS_SUMMARY_ITD_2025_03,ROLE,SYSADMIN,true,SYSADMIN
2025-06-16 07:05:01.901 -0700,OWNERSHIP,TABLE,DEV_UPLAND_SILVER_DB.CALCULATION.GET_NEW_CLAIMS_ON_INSURED_SOURCE,ROLE,SYSADMIN,true,SYSADMIN
2025-06-09 12:04:55.928 -0700,OWNERSHIP,TABLE,DEV_UPLAND_SILVER_DB.CALCULATION.GET_POLICY_MATCHES_SOURCE,ROLE,SYSADMIN,true,SYSADMIN
2024-11-16 08:35:17.902 -0800,OWNERSHIP,TABLE,PROD_UPLAND_BRONZE_DB.BLUEWIRE.BLUEWIRE_GAP_SCORE_DATA202410,ROLE,SYSADMIN,true,SYSADMIN
2024-12-03 16:11:30.578 -0800,OWNERSHIP,TABLE,PROD_UPLAND_BRONZE_DB.BLUEWIRE.BLUEWIRE_GAP_SCORE_DATA202411,ROLE,SYSADMIN,true,SYSADMIN
2024-12-19 13:46:16.004 -0800,OWNERSHIP,TABLE,PROD_UPLAND_BRONZE_DB.BLUEWIRE.BLUEWIRE_GAP_SCORE_DATA202412,ROLE,SYSADMIN,true,SYSADMIN
2025-01-22 10:00:11.114 -0800,OWNERSHIP,TABLE,PROD_UPLAND_BRONZE_DB.BLUEWIRE.BLUEWIRE_GAP_SCORE_DATA202501,ROLE,SYSADMIN,true,SYSADMIN
2025-05-14 13:13:45.843 -0700,OWNERSHIP,TABLE,PROD_UPLAND_BRONZE_DB.BLUEWIRE.BLUEWIRE_GAP_SCORE_DATA202502,ROLE,SYSADMIN,true,SYSADMIN
2025-04-29 10:17:52.236 -0700,OWNERSHIP,TABLE,PROD_UPLAND_BRONZE_DB.BLUEWIRE.BLUEWIRE_GAP_SCORE_DATA202503,ROLE,SYSADMIN,true,SYSADMIN
2025-04-29 10:27:07.418 -0700,OWNERSHIP,TABLE,PROD_UPLAND_BRONZE_DB.BLUEWIRE.BLUEWIRE_GAP_SCORE_DATA202504,ROLE,SYSADMIN,true,SYSADMIN
2025-05-14 13:10:51.166 -0700,OWNERSHIP,TABLE,PROD_UPLAND_BRONZE_DB.BLUEWIRE.BLUEWIRE_GAP_SCORE_DATA202505,ROLE,SYSADMIN,true,SYSADMIN
2023-12-11 05:54:04.719 -0800,OWNERSHIP,TABLE,PROD_UPLAND_BRONZE_DB.MARKETSTANCE.STCNTY_HEADQUARTERSFLAT_UPLAND_2023_09,ROLE,SYSADMIN,true,SYSADMIN
2023-07-20 04:19:45.463 -0700,OWNERSHIP,TABLE,PROD_UPLAND_BRONZE_DB.MICROSOFT_GRAPH_API.OUTLOOK_SUBMISSION_INBOX,ROLE,SYSADMIN,true,SYSADMIN
2023-05-31 15:29:15.100 -0700,OWNERSHIP,TABLE,PROD_UPLAND_BRONZE_DB.MICROSOFT_GRAPH_API.OUTLOOK_SUBMISSION_INBOX_OLD,ROLE,SYSADMIN,true,SYSADMIN
2025-04-21 15:34:27.138 -0700,OWNERSHIP,TABLE,PROD_UPLAND_BRONZE_DB.MICROSOFT_GRAPH_API.OUTLOOK_SUBMISSION_PROCESSED,ROLE,SYSADMIN,true,SYSADMIN
2025-04-21 15:32:53.289 -0700,OWNERSHIP,TABLE,PROD_UPLAND_BRONZE_DB.MICROSOFT_GRAPH_API.OUTLOOK_SUBMISSION_PULSE,ROLE,SYSADMIN,true,SYSADMIN
2024-10-17 11:32:35.144 -0700,OWNERSHIP,TABLE,PROD_UPLAND_BRONZE_DB.NETWORK_ADJUSTERS.CLAIM_NOTES,ROLE,SYSADMIN,true,SYSADMIN
2024-10-09 10:29:54.223 -0700,OWNERSHIP,TABLE,PROD_UPLAND_BRONZE_DB.NETWORK_ADJUSTERS.CLMNT,ROLE,SYSADMIN,true,SYSADMIN
2024-10-17 12:11:49.973 -0700,OWNERSHIP,TABLE,PROD_UPLAND_BRONZE_DB.NETWORK_ADJUSTERS.NETWORK_ADJUSTERS_FILES,ROLE,SYSADMIN,true,SYSADMIN
2024-10-02 09:28:16.989 -0700,OWNERSHIP,TABLE,PROD_UPLAND_BRONZE_DB.NETWORK_ADJUSTERS_CSV.NETWORK_ADJUSTERS_FILES,ROLE,SYSADMIN,true,SYSADMIN
2023-08-16 15:09:13.406 -0700,OWNERSHIP,TABLE,PROD_UPLAND_BRONZE_DB.NETWORK_ADJUSTERS_MONTH_END_REPORT.UPLAND_SPECIALTY_COMBINED_ALL,ROLE,SYSADMIN,true,SYSADMIN
2025-01-03 15:09:49.088 -0800,OWNERSHIP,TABLE,PROD_UPLAND_GOLD_DB.ME_POLICY_REPORTING.TBLPOLICYBOUNDDETAILS_SUMMARY_ITD_2024_12,ROLE,SYSADMIN,true,SYSADMIN
2025-05-12 10:34:36.935 -0700,OWNERSHIP,TABLE,PROD_UPLAND_GOLD_DB.ME_POLICY_REPORTING.TBLPOLICYBOUNDDETAILS_SUMMARY_ITD_2025_03,ROLE,SYSADMIN,true,SYSADMIN
2025-05-12 10:40:54.721 -0700,OWNERSHIP,TABLE,PROD_UPLAND_GOLD_DB.ME_POLICY_REPORTING.TBLPOLICYBOUNDDETAILS_SUMMARY_ITD_2025_04,ROLE,SYSADMIN,true,SYSADMIN
2025-06-12 09:29:39.634 -0700,OWNERSHIP,TABLE,PROD_UPLAND_GOLD_DB.ME_POLICY_REPORTING.TBLPOLICYBOUNDDETAILS_SUMMARY_ITD_2025_05,ROLE,SYSADMIN,true,SYSADMIN
2024-11-08 08:52:05.667 -0800,OWNERSHIP,TABLE,PROD_UPLAND_SILVER_DB.ACTUARIAL_ULT_LR.GROSS_NET_ULTIMATE_LLAE_BY_POLICY_ASOF_JUN_30_2024,ROLE,SYSADMIN,true,SYSADMIN
2024-11-08 08:52:05.685 -0800,SELECT,TABLE,PROD_UPLAND_SILVER_DB.ACTUARIAL_ULT_LR.GROSS_NET_ULTIMATE_LLAE_BY_POLICY_ASOF_JUN_30_2024,ROLE,SYSADMIN,false,SYSADMIN
2024-11-13 08:59:02.752 -0800,OWNERSHIP,TABLE,PROD_UPLAND_SILVER_DB.ACTUARIAL_ULT_LR.GROSS_NET_ULTIMATE_LLAE_BY_POLICY_ASOF_Q3_2024,ROLE,SYSADMIN,true,SYSADMIN
2024-11-13 08:59:02.772 -0800,SELECT,TABLE,PROD_UPLAND_SILVER_DB.ACTUARIAL_ULT_LR.GROSS_NET_ULTIMATE_LLAE_BY_POLICY_ASOF_Q3_2024,ROLE,SYSADMIN,false,SYSADMIN
2025-05-06 08:58:48.946 -0700,OWNERSHIP,TABLE,PROD_UPLAND_SILVER_DB.ACTUARIAL_ULT_LR.GROSS_NET_ULTIMATE_LLAE_BY_POLICY_AS_OF_Q1_2025,ROLE,SYSADMIN,true,SYSADMIN
2025-05-06 08:58:48.996 -0700,SELECT,TABLE,PROD_UPLAND_SILVER_DB.ACTUARIAL_ULT_LR.GROSS_NET_ULTIMATE_LLAE_BY_POLICY_AS_OF_Q1_2025,ROLE,SYSADMIN,false,SYSADMIN
2025-03-07 13:21:35.360 -0800,OWNERSHIP,TABLE,PROD_UPLAND_SILVER_DB.ACTUARIAL_ULT_LR.GROSS_NET_ULTIMATE_LLAE_BY_POLICY_AS_OF_Q4_2024,ROLE,SYSADMIN,true,SYSADMIN
2025-03-07 13:21:35.392 -0800,SELECT,TABLE,PROD_UPLAND_SILVER_DB.ACTUARIAL_ULT_LR.GROSS_NET_ULTIMATE_LLAE_BY_POLICY_AS_OF_Q4_2024,ROLE,SYSADMIN,false,SYSADMIN
2024-11-14 14:55:37.691 -0800,OWNERSHIP,TABLE,PROD_UPLAND_SILVER_DB.REFERENCE.ZIP_CODE_REF,ROLE,SYSADMIN,true,SYSADMIN
2024-04-26 04:34:17.023 -0700,OWNERSHIP,TABLE,TEST_CLONE_DB.MARKETSTANCE.STCNTY_HEADQUARTERSFLAT_UPLAND_2023_09,ROLE,SYSADMIN,true,SYSADMIN
2024-04-26 04:34:18.292 -0700,OWNERSHIP,TABLE,TEST_CLONE_DB.MICROSOFT_GRAPH_API.OUTLOOK_SUBMISSION_INBOX,ROLE,SYSADMIN,true,SYSADMIN
2024-04-26 04:34:18.635 -0700,OWNERSHIP,TABLE,TEST_CLONE_DB.MICROSOFT_GRAPH_API.OUTLOOK_SUBMISSION_INBOX_OLD,ROLE,SYSADMIN,true,SYSADMIN
2024-04-26 04:34:18.985 -0700,OWNERSHIP,TABLE,TEST_CLONE_DB.MICROSOFT_GRAPH_API.OUTLOOK_SUBMISSION_INBOX_V2,ROLE,SYSADMIN,true,SYSADMIN
2024-04-26 04:34:19.533 -0700,OWNERSHIP,TABLE,TEST_CLONE_DB.MICROSOFT_GRAPH_API.SUBMISSION_INBOX_ADF,ROLE,SYSADMIN,true,SYSADMIN
2024-04-26 04:34:19.713 -0700,OWNERSHIP,TABLE,TEST_CLONE_DB.MICROSOFT_GRAPH_API.SUBMISSION_INBOX_TEST,ROLE,SYSADMIN,true,SYSADMIN
2024-04-26 04:34:22.295 -0700,OWNERSHIP,TABLE,TEST_CLONE_DB.NETWORK_ADJUSTERS.CLAIM,ROLE,SYSADMIN,true,SYSADMIN
2024-04-26 04:34:23.229 -0700,OWNERSHIP,TABLE,TEST_CLONE_DB.NETWORK_ADJUSTERS.CLAIMANT,ROLE,SYSADMIN,true,SYSADMIN
2024-04-26 04:34:24.061 -0700,OWNERSHIP,TABLE,TEST_CLONE_DB.NETWORK_ADJUSTERS.CLAIM_NOTES,ROLE,SYSADMIN,true,SYSADMIN
2024-04-26 04:34:24.232 -0700,OWNERSHIP,TABLE,TEST_CLONE_DB.NETWORK_ADJUSTERS.DRAFT,ROLE,SYSADMIN,true,SYSADMIN
2024-04-26 04:34:24.780 -0700,OWNERSHIP,TABLE,TEST_CLONE_DB.NETWORK_ADJUSTERS.DRIVER,ROLE,SYSADMIN,true,SYSADMIN
2024-04-26 04:34:25.719 -0700,OWNERSHIP,TABLE,TEST_CLONE_DB.NETWORK_ADJUSTERS.LEGAL,ROLE,SYSADMIN,true,SYSADMIN
2024-04-26 04:34:26.177 -0700,OWNERSHIP,TABLE,TEST_CLONE_DB.NETWORK_ADJUSTERS.LOSADDR,ROLE,SYSADMIN,true,SYSADMIN
2024-04-26 04:34:26.732 -0700,OWNERSHIP,TABLE,TEST_CLONE_DB.NETWORK_ADJUSTERS.LOSRES,ROLE,SYSADMIN,true,SYSADMIN
2024-04-26 04:34:27.446 -0700,OWNERSHIP,TABLE,TEST_CLONE_DB.NETWORK_ADJUSTERS_CLAIM_NOTES.CLAIM_NOTES_2023_08_03,ROLE,SYSADMIN,true,SYSADMIN
2024-04-26 04:34:28.056 -0700,OWNERSHIP,TABLE,TEST_CLONE_DB.NETWORK_ADJUSTERS_CLAIM_NOTES.CLAIM_NOTES_2024_02_01,ROLE,SYSADMIN,true,SYSADMIN
2024-04-26 04:34:32.213 -0700,OWNERSHIP,TABLE,TEST_CLONE_DB.NETWORK_ADJUSTERS_MONTH_END_REPORT.UPLAND_SPECIALTY_COMBINED_ALL,ROLE,SYSADMIN,true,SYSADMIN
2024-04-26 04:34:32.581 -0700,OWNERSHIP,TABLE,TEST_CLONE_DB.NETWORK_ADJUSTERS_MONTH_END_REPORT.UPLAND_SPECIALTY_COMBINED_ALL_2021_09_01,ROLE,SYSADMIN,true,SYSADMIN
2024-04-26 04:34:33.083 -0700,OWNERSHIP,TABLE,TEST_CLONE_DB.NETWORK_ADJUSTERS_MONTH_END_REPORT.UPLAND_SPECIALTY_COMBINED_ALL_2021_10_01,ROLE,SYSADMIN,true,SYSADMIN
2024-04-26 04:34:33.474 -0700,OWNERSHIP,TABLE,TEST_CLONE_DB.NETWORK_ADJUSTERS_MONTH_END_REPORT.UPLAND_SPECIALTY_COMBINED_ALL_2021_11_01,ROLE,SYSADMIN,true,SYSADMIN
2024-04-26 04:34:33.884 -0700,OWNERSHIP,TABLE,TEST_CLONE_DB.NETWORK_ADJUSTERS_MONTH_END_REPORT.UPLAND_SPECIALTY_COMBINED_ALL_2021_12_31,ROLE,SYSADMIN,true,SYSADMIN
2024-04-26 04:34:34.307 -0700,OWNERSHIP,TABLE,TEST_CLONE_DB.NETWORK_ADJUSTERS_MONTH_END_REPORT.UPLAND_SPECIALTY_COMBINED_ALL_2022_01_31,ROLE,SYSADMIN,true,SYSADMIN
2024-04-26 04:34:34.717 -0700,OWNERSHIP,TABLE,TEST_CLONE_DB.NETWORK_ADJUSTERS_MONTH_END_REPORT.UPLAND_SPECIALTY_COMBINED_ALL_2022_02_28,ROLE,SYSADMIN,true,SYSADMIN
2024-04-26 04:34:35.121 -0700,OWNERSHIP,TABLE,TEST_CLONE_DB.NETWORK_ADJUSTERS_MONTH_END_REPORT.UPLAND_SPECIALTY_COMBINED_ALL_2022_03_31,ROLE,SYSADMIN,true,SYSADMIN
2024-04-26 04:34:35.529 -0700,OWNERSHIP,TABLE,TEST_CLONE_DB.NETWORK_ADJUSTERS_MONTH_END_REPORT.UPLAND_SPECIALTY_COMBINED_ALL_2022_04_30,ROLE,SYSADMIN,true,SYSADMIN
2024-04-26 04:34:35.902 -0700,OWNERSHIP,TABLE,TEST_CLONE_DB.NETWORK_ADJUSTERS_MONTH_END_REPORT.UPLAND_SPECIALTY_COMBINED_ALL_2022_05_31,ROLE,SYSADMIN,true,SYSADMIN
2024-04-26 04:34:36.369 -0700,OWNERSHIP,TABLE,TEST_CLONE_DB.NETWORK_ADJUSTERS_MONTH_END_REPORT.UPLAND_SPECIALTY_COMBINED_ALL_2022_06_30,ROLE,SYSADMIN,true,SYSADMIN
2024-04-26 04:34:36.700 -0700,OWNERSHIP,TABLE,TEST_CLONE_DB.NETWORK_ADJUSTERS_MONTH_END_REPORT.UPLAND_SPECIALTY_COMBINED_ALL_2022_07_31,ROLE,SYSADMIN,true,SYSADMIN
2024-04-26 04:34:37.089 -0700,OWNERSHIP,TABLE,TEST_CLONE_DB.NETWORK_ADJUSTERS_MONTH_END_REPORT.UPLAND_SPECIALTY_COMBINED_ALL_2022_08_31,ROLE,SYSADMIN,true,SYSADMIN
2024-04-26 04:34:37.713 -0700,OWNERSHIP,TABLE,TEST_CLONE_DB.NETWORK_ADJUSTERS_MONTH_END_REPORT.UPLAND_SPECIALTY_COMBINED_ALL_2022_09_30,ROLE,SYSADMIN,true,SYSADMIN
2024-04-26 04:34:38.334 -0700,OWNERSHIP,TABLE,TEST_CLONE_DB.NETWORK_ADJUSTERS_MONTH_END_REPORT.UPLAND_SPECIALTY_COMBINED_ALL_2022_10_31,ROLE,SYSADMIN,true,SYSADMIN
2024-04-26 04:34:38.875 -0700,OWNERSHIP,TABLE,TEST_CLONE_DB.NETWORK_ADJUSTERS_MONTH_END_REPORT.UPLAND_SPECIALTY_COMBINED_ALL_2022_11_30,ROLE,SYSADMIN,true,SYSADMIN
2024-04-26 04:34:39.368 -0700,OWNERSHIP,TABLE,TEST_CLONE_DB.NETWORK_ADJUSTERS_MONTH_END_REPORT.UPLAND_SPECIALTY_COMBINED_ALL_2022_12_31,ROLE,SYSADMIN,true,SYSADMIN
2024-04-26 04:34:39.777 -0700,OWNERSHIP,TABLE,TEST_CLONE_DB.NETWORK_ADJUSTERS_MONTH_END_REPORT.UPLAND_SPECIALTY_COMBINED_ALL_2023_01_31,ROLE,SYSADMIN,true,SYSADMIN
2024-04-26 04:34:40.140 -0700,OWNERSHIP,TABLE,TEST_CLONE_DB.NETWORK_ADJUSTERS_MONTH_END_REPORT.UPLAND_SPECIALTY_COMBINED_ALL_2023_02_28,ROLE,SYSADMIN,true,SYSADMIN
2024-04-26 04:34:40.530 -0700,OWNERSHIP,TABLE,TEST_CLONE_DB.NETWORK_ADJUSTERS_MONTH_END_REPORT.UPLAND_SPECIALTY_COMBINED_ALL_2023_03_31,ROLE,SYSADMIN,true,SYSADMIN
2024-04-26 04:34:41.007 -0700,OWNERSHIP,TABLE,TEST_CLONE_DB.NETWORK_ADJUSTERS_MONTH_END_REPORT.UPLAND_SPECIALTY_COMBINED_ALL_2023_04_30,ROLE,SYSADMIN,true,SYSADMIN
2024-04-26 04:34:41.329 -0700,OWNERSHIP,TABLE,TEST_CLONE_DB.NETWORK_ADJUSTERS_MONTH_END_REPORT.UPLAND_SPECIALTY_COMBINED_ALL_2023_05_31,ROLE,SYSADMIN,true,SYSADMIN
2024-04-26 04:34:41.709 -0700,OWNERSHIP,TABLE,TEST_CLONE_DB.NETWORK_ADJUSTERS_MONTH_END_REPORT.UPLAND_SPECIALTY_COMBINED_ALL_2023_06_30,ROLE,SYSADMIN,true,SYSADMIN
2024-04-26 04:34:42.139 -0700,OWNERSHIP,TABLE,TEST_CLONE_DB.NETWORK_ADJUSTERS_MONTH_END_REPORT.UPLAND_SPECIALTY_COMBINED_ALL_2023_07_31,ROLE,SYSADMIN,true,SYSADMIN
2024-04-26 04:34:42.634 -0700,OWNERSHIP,TABLE,TEST_CLONE_DB.NETWORK_ADJUSTERS_MONTH_END_REPORT.UPLAND_SPECIALTY_COMBINED_ALL_2023_08_31,ROLE,SYSADMIN,true,SYSADMIN
2024-04-26 04:34:43.004 -0700,OWNERSHIP,TABLE,TEST_CLONE_DB.NETWORK_ADJUSTERS_MONTH_END_REPORT.UPLAND_SPECIALTY_COMBINED_ALL_2023_09_30,ROLE,SYSADMIN,true,SYSADMIN
2024-04-26 04:34:43.441 -0700,OWNERSHIP,TABLE,TEST_CLONE_DB.NETWORK_ADJUSTERS_MONTH_END_REPORT.UPLAND_SPECIALTY_COMBINED_ALL_2023_10_31,ROLE,SYSADMIN,true,SYSADMIN
2024-04-26 04:37:27.626 -0700,OWNERSHIP,TABLE,TEST_CLONE_DB.SOLARTIS_SANDBOX_DB_UPLANDCAPITALLIVEDB.SOLARTIS_ATTRIBUTE_CONFIG,ROLE,SYSADMIN,true,SYSADMIN
2024-04-26 04:37:28.085 -0700,OWNERSHIP,TABLE,TEST_CLONE_DB.SOLARTIS_SANDBOX_DB_UPLANDCAPITALLIVEDB.SOLARTIS_CONFIG,ROLE,SYSADMIN,true,SYSADMIN
2025-06-09 11:59:10.201 -0700,OWNERSHIP,TABLE,TEST_UPLAND_SILVER_DB.CALCULATION.GET_POLICY_MATCHES_SOURCE,ROLE,SYSADMIN,true,SYSADMIN
2025-03-19 08:17:27.892 -0700,OWNERSHIP,TABLE,UPLAND_DATA_LAB.ACTUARIAL.CAB,ROLE,SYSADMIN,true,SYSADMIN
2025-03-19 08:18:21.537 -0700,OWNERSHIP,TABLE,UPLAND_DATA_LAB.ACTUARIAL.GROSS_NET_ULTIMATE_LLAE_BY_POLICY,ROLE,SYSADMIN,true,SYSADMIN
2025-03-19 08:18:51.071 -0700,OWNERSHIP,TABLE,UPLAND_DATA_LAB.ACTUARIAL.PAST_INDICATION,ROLE,SYSADMIN,true,SYSADMIN
2025-03-19 08:19:21.770 -0700,OWNERSHIP,TABLE,UPLAND_DATA_LAB.ACTUARIAL.ULAE_ALLOCATION,ROLE,SYSADMIN,true,SYSADMIN
2025-03-19 08:19:53.692 -0700,OWNERSHIP,TABLE,UPLAND_DATA_LAB.ACTUARIAL.UPLOAD_TOOL,ROLE,SYSADMIN,true,SYSADMIN
2024-06-13 08:53:28.710 -0700,OWNERSHIP,TABLE,UPLAND_DATA_LAB.ASTEWARDSON.UPLAND_COMPUTE_FORECAST,ROLE,SYSADMIN,true,SYSADMIN
2025-02-25 10:43:34.326 -0800,OWNERSHIP,TABLE,UPLAND_DATA_LAB.SL_TEST.BUG_REPORT_DATA,ROLE,SYSADMIN,true,SYSADMIN
2024-06-14 10:56:56.535 -0700,OWNERSHIP,TABLE,UPLAND_DATA_LAB.XTL_PREMIUM_FORECAST.XTL_PREMIUM_FORECAST_2024_06_14,ROLE,SYSADMIN,true,SYSADMIN
2024-04-11 07:56:31.458 -0700,OWNERSHIP,TABLE,UPLAND_MAINTENANCE.PUBLIC.MARKETSTANCE_CLASSIFICATION_RESULTS_04_11_2024,ROLE,SYSADMIN,true,SYSADMIN
2024-06-18 10:19:45.932 -0700,OWNERSHIP,TABLE,UPLAND_MAINTENANCE.PUBLIC.MARKETSTANCE_CLASSIFICATION_RESULTS_06_18_2024,ROLE,SYSADMIN,true,SYSADMIN
2023-12-18 11:45:59.283 -0800,OWNERSHIP,TABLE,UPLAND_MAINTENANCE.PUBLIC.MARKETSTANCE_CLASSIFICATION_RESULTS_12_18_2023,ROLE,SYSADMIN,true,SYSADMIN
2024-04-11 07:54:27.518 -0700,OWNERSHIP,TABLE,UPLAND_MAINTENANCE.PUBLIC.MICROSOFT_GRAPH_CLASSIFICATION_RESULTS_04_11_2024,ROLE,SYSADMIN,true,SYSADMIN
2024-06-18 10:03:08.397 -0700,OWNERSHIP,TABLE,UPLAND_MAINTENANCE.PUBLIC.MICROSOFT_GRAPH_CLASSIFICATION_RESULTS_06_18_2024,ROLE,SYSADMIN,true,SYSADMIN
2023-12-18 11:38:52.520 -0800,OWNERSHIP,TABLE,UPLAND_MAINTENANCE.PUBLIC.MICROSOFT_GRAPH_CLASSIFICATION_RESULTS_12_18_2023,ROLE,SYSADMIN,true,SYSADMIN
2024-04-11 05:47:04.525 -0700,OWNERSHIP,TABLE,UPLAND_MAINTENANCE.PUBLIC.NETWORK_ADJUSTERS_CLASSIFICATION_RESULTS,ROLE,SYSADMIN,true,SYSADMIN
2024-04-11 06:17:03.231 -0700,OWNERSHIP,TABLE,UPLAND_MAINTENANCE.PUBLIC.NETWORK_ADJUSTERS_CLASSIFICATION_RESULTS_04_11_2024,ROLE,SYSADMIN,true,SYSADMIN
2024-06-18 09:45:57.526 -0700,OWNERSHIP,TABLE,UPLAND_MAINTENANCE.PUBLIC.NETWORK_ADJUSTERS_CLASSIFICATION_RESULTS_06_18_2024,ROLE,SYSADMIN,true,SYSADMIN
2023-12-18 11:29:31.438 -0800,OWNERSHIP,TABLE,UPLAND_MAINTENANCE.PUBLIC.NETWORK_ADJUSTERS_CLASSIFICATION_RESULTS_12_18_2023,ROLE,SYSADMIN,true,SYSADMIN
2024-04-11 06:23:53.386 -0700,OWNERSHIP,TABLE,UPLAND_MAINTENANCE.PUBLIC.ONESHIELD_ALL_CLASSIFICATION_RESULTS_04_11_2024,ROLE,SYSADMIN,true,SYSADMIN
2024-06-18 09:31:47.215 -0700,OWNERSHIP,TABLE,UPLAND_MAINTENANCE.PUBLIC.ONESHIELD_ALL_CLASSIFICATION_RESULTS_06_18_2024,ROLE,SYSADMIN,true,SYSADMIN
2024-04-11 05:40:45.759 -0700,OWNERSHIP,TABLE,UPLAND_MAINTENANCE.PUBLIC.ONESHIELD_CLASSIFICATION_RESULTS,ROLE,SYSADMIN,true,SYSADMIN
2024-04-11 05:50:41.506 -0700,OWNERSHIP,TABLE,UPLAND_MAINTENANCE.PUBLIC.ONESHIELD_CLASSIFICATION_RESULTS_04_11_2024,ROLE,SYSADMIN,true,SYSADMIN
2024-06-18 09:11:33.728 -0700,OWNERSHIP,TABLE,UPLAND_MAINTENANCE.PUBLIC.ONESHIELD_CLASSIFICATION_RESULTS_06_18_2024,ROLE,SYSADMIN,true,SYSADMIN
2023-12-18 11:08:34.492 -0800,OWNERSHIP,TABLE,UPLAND_MAINTENANCE.PUBLIC.ONESHIELD_CLASSIFICATION_RESULTS_12_18_2023,ROLE,SYSADMIN,true,SYSADMIN
2023-12-18 08:49:19.185 -0800,OWNERSHIP,TABLE,UPLAND_MAINTENANCE.PUBLIC.TEST_CLASSIFICATION_RESULTS,ROLE,SYSADMIN,true,SYSADMIN
2025-04-14 12:30:37.786 -0700,OWNERSHIP,TABLE,UPLAND_MAINTENANCE.SECURITY.IP_CHECKSUM,ROLE,SYSADMIN,true,SYSADMIN
2025-04-11 11:11:44.562 -0700,OWNERSHIP,TABLE,UPLAND_MAINTENANCE.UTIL.IMPORT_LOG,ROLE,SYSADMIN,true,SYSADMIN
2025-03-31 13:55:33.801 -0700,OWNERSHIP,TABLE,UPLAND_UTIL.IP_ALLOWLIST.IP_CHECKSUM,ROLE,SYSADMIN,true,SYSADMIN
2025-04-30 13:53:15.731 -0700,OWNERSHIP,TABLE,UPLAND_UTIL.PUBLIC.TEST,ROLE,SYSADMIN,true,SYSADMIN
2025-06-13 08:47:22.848 -0700,OWNERSHIP,TASK,DEV_UPLAND_SILVER_DB.CALCULATION.TEST_LOAD_NEW_CLAIMS_SOURCE_TSK,ROLE,SYSADMIN,true,SYSADMIN
2023-05-02 07:01:24.716 -0700,OWNERSHIP,TASK,UPLAND_MAINTENANCE.PUBLIC.CLONE_UPLAND_BRONZE_DB_TASK,ROLE,SYSADMIN,true,SYSADMIN
2023-09-01 12:30:36.017 -0700,OWNERSHIP,TASK,UPLAND_MAINTENANCE.PUBLIC.CLONE_UPLAND_GOLD_DB_TASK,ROLE,SYSADMIN,true,SYSADMIN
2023-09-01 12:30:23.021 -0700,OWNERSHIP,TASK,UPLAND_MAINTENANCE.PUBLIC.CLONE_UPLAND_SILVER_DB_TASK,ROLE,SYSADMIN,true,SYSADMIN
2024-08-14 07:55:40.634 -0700,OWNERSHIP,VIEW,DEV_UPLAND_GOLD_DB.CLAIM_MART.LOSS_RUN_TESQUIVEL,ROLE,SYSADMIN,true,SYSADMIN
2025-05-19 13:53:37.924 -0700,SELECT,VIEW,PROD_UPLAND_SILVER_DB.BUSINESS_VAULT.CLAIM_CURRENT,ROLE,SYSADMIN,false,UPLAND_TRANSFORMER
2025-05-19 13:53:38.020 -0700,SELECT,VIEW,PROD_UPLAND_SILVER_DB.BUSINESS_VAULT.CLAIM_DOMAIN_CURRENT,ROLE,SYSADMIN,false,UPLAND_TRANSFORMER
2025-05-19 13:53:38.044 -0700,SELECT,VIEW,PROD_UPLAND_SILVER_DB.BUSINESS_VAULT.CLAIM_PAYMENT_HUB_CURRENT,ROLE,SYSADMIN,false,UPLAND_TRANSFORMER
2025-05-19 13:53:38.057 -0700,SELECT,VIEW,PROD_UPLAND_SILVER_DB.BUSINESS_VAULT.INSURED_PRIMARY_ALTERNATE_NAME_CURRENT,ROLE,SYSADMIN,false,UPLAND_TRANSFORMER
2025-05-19 13:53:38.074 -0700,SELECT,VIEW,PROD_UPLAND_SILVER_DB.BUSINESS_VAULT.INSURED_PRIMARY_AND_ALTERNATE_CURRENT,ROLE,SYSADMIN,false,UPLAND_TRANSFORMER
2025-05-19 13:53:38.090 -0700,SELECT,VIEW,PROD_UPLAND_SILVER_DB.BUSINESS_VAULT.INSURED_PRIMARY_CURRENT,ROLE,SYSADMIN,false,UPLAND_TRANSFORMER
2025-05-19 13:53:38.122 -0700,SELECT,VIEW,PROD_UPLAND_SILVER_DB.BUSINESS_VAULT.POLICY_DOMAIN_CURRENT,ROLE,SYSADMIN,false,UPLAND_TRANSFORMER
2025-05-19 13:53:38.138 -0700,SELECT,VIEW,PROD_UPLAND_SILVER_DB.BUSINESS_VAULT.POLICY_INVOICE_DOMAIN_CURRENT,ROLE,SYSADMIN,false,UPLAND_TRANSFORMER
2025-06-03 12:26:15.186 -0700,SELECT,VIEW,PROD_UPLAND_SILVER_DB.BUSINESS_VAULT.POLICY_SUMMARY_CURRENT,ROLE,SYSADMIN,false,UPLAND_TRANSFORMER
2025-05-19 13:53:38.163 -0700,SELECT,VIEW,PROD_UPLAND_SILVER_DB.BUSINESS_VAULT.QUOTE_DOMAIN_CURRENT,ROLE,SYSADMIN,false,UPLAND_TRANSFORMER
2025-06-03 12:26:09.669 -0700,SELECT,VIEW,PROD_UPLAND_SILVER_DB.BUSINESS_VAULT.SUBMISSION_DOMAIN_CURRENT,ROLE,SYSADMIN,false,UPLAND_TRANSFORMER
2024-08-13 08:18:43.582 -0700,OWNERSHIP,VIEW,UPLAND_DATA_LAB.ASTEWARDSON.POLICY_SAMPLE_FOR_JSON,ROLE,SYSADMIN,true,SYSADMIN
2024-08-13 09:21:34.478 -0700,OWNERSHIP,VIEW,UPLAND_DATA_LAB.ASTEWARDSON.QUOTE_SAMPLE_FOR_JSON,ROLE,SYSADMIN,true,SYSADMIN
2024-08-13 09:20:46.523 -0700,OWNERSHIP,VIEW,UPLAND_DATA_LAB.ASTEWARDSON.SUBMISSION_SAMPLE_FOR_JSON,ROLE,SYSADMIN,true,SYSADMIN
2024-06-13 08:53:42.649 -0700,OWNERSHIP,VIEW,UPLAND_DATA_LAB.ASTEWARDSON.WAREHOUSE_FORECAST_TRAINING,ROLE,SYSADMIN,true,SYSADMIN
2024-06-14 10:54:03.449 -0700,OWNERSHIP,VIEW,UPLAND_DATA_LAB.XTL_PREMIUM_FORECAST.XTL_PREMIUM_FORECAST_TRAINING_DATA_V1,ROLE,SYSADMIN,true,SYSADMIN
2024-04-11 08:21:54.593 -0700,OWNERSHIP,VIEW,UPLAND_MAINTENANCE.PUBLIC.DATA_CLASSIFICATION_RESULTS_04_11_2024,ROLE,SYSADMIN,true,SYSADMIN
2024-06-18 10:29:19.904 -0700,OWNERSHIP,VIEW,UPLAND_MAINTENANCE.PUBLIC.DATA_CLASSIFICATION_RESULTS_06_18_2024,ROLE,SYSADMIN,true,SYSADMIN
2023-12-18 12:03:07.985 -0800,OWNERSHIP,VIEW,UPLAND_MAINTENANCE.PUBLIC.DATA_CLASSIFICATION_RESULTS_12_18_2023,ROLE,SYSADMIN,true,SYSADMIN
2024-05-29 10:08:04.394 -0700,OWNERSHIP,VIEW,UPLAND_MAINTENANCE.PUBLIC.MISSING_SUBMISSION_REPORT,ROLE,SYSADMIN,true,SYSADMIN
2024-05-30 12:20:41.093 -0700,OWNERSHIP,VIEW,UPLAND_MAINTENANCE.SALESFORCE_MAINTENANCE.MISSING_SALESFORCE_SUBMISSION,ROLE,SYSADMIN,true,SYSADMIN
2024-08-09 10:25:43.388 -0700,SELECT,VIEW,UPLAND_MAINTENANCE.SECURITY.VW_LOGIN_FAILURES,ROLE,SYSADMIN,false,ACCOUNTADMIN
2024-08-09 10:25:43.422 -0700,SELECT,VIEW,UPLAND_MAINTENANCE.SECURITY.VW_TABLE_GRANTS,ROLE,SYSADMIN,false,ACCOUNTADMIN
2024-08-09 10:25:43.434 -0700,SELECT,VIEW,UPLAND_MAINTENANCE.SECURITY.VW_USER_ROLES,ROLE,SYSADMIN,false,ACCOUNTADMIN
2025-02-12 11:14:30.606 -0800,OWNERSHIP,WAREHOUSE,UPLAND_AI_OPS_WH,ROLE,SYSADMIN,true,SYSADMIN
2023-03-29 12:03:04.315 -0700,OWNERSHIP,WAREHOUSE,UPLAND_ANALYTICS_WH,ROLE,SYSADMIN,true,SYSADMIN
2023-08-03 04:26:48.851 -0700,OWNERSHIP,WAREHOUSE,UPLAND_API_WH,ROLE,SYSADMIN,true,SYSADMIN
2023-04-03 07:49:36.694 -0700,OWNERSHIP,WAREHOUSE,UPLAND_ENGINEERING_WH,ROLE,SYSADMIN,true,SYSADMIN
2025-04-04 08:29:36.718 -0700,OWNERSHIP,WAREHOUSE,UPLAND_FIVESIGMA_WH,ROLE,SYSADMIN,true,SYSADMIN
2023-04-03 07:49:06.027 -0700,OWNERSHIP,WAREHOUSE,UPLAND_INGESTION_WH,ROLE,SYSADMIN,true,SYSADMIN
2023-04-18 14:25:32.153 -0700,OWNERSHIP,WAREHOUSE,UPLAND_MODEL_PROCESSING_WH,ROLE,SYSADMIN,true,SYSADMIN
2023-04-03 07:57:56.840 -0700,OWNERSHIP,WAREHOUSE,UPLAND_REPORTING_WH,ROLE,SYSADMIN,true,SYSADMIN
2023-05-08 07:09:07.255 -0700,OWNERSHIP,WAREHOUSE,UPLAND_TRANSFORM_WH,ROLE,SYSADMIN,true,SYSADMIN
